date,suhu_max,suhu_min,hujan,angin,evap,suhu_range,hujan_7d,hujan_30d,suhu_anomali,kekeringan,banjir
2023-03-27,30.0,23.0,7.4,11.7,3.28,7.0,,,,0,0
2023-03-28,28.2,22.4,2.9,7.7,2.28,5.800000000000001,,,,0,0
2023-03-29,32.1,22.9,19.9,11.6,4.59,9.200000000000003,,,,0,0
2023-03-30,29.6,23.0,20.7,9.4,3.34,6.600000000000001,,,,0,0
2023-03-31,30.0,22.0,15.2,14.8,3.41,8.0,,,,0,0
2023-04-01,30.5,22.3,0.9,10.0,3.94,8.2,,,,0,0
2023-04-02,31.4,23.2,13.3,10.4,4.33,8.2,80.3,,,0,0
2023-04-03,30.1,22.5,9.9,10.5,3.03,7.600000000000001,82.8,,,0,0
2023-04-04,30.2,23.5,1.2,7.6,3.77,6.699999999999999,81.10000000000001,,,0,0
2023-04-05,30.0,22.5,4.4,10.8,3.76,7.5,65.6,,,0,0
2023-04-06,30.6,22.5,19.4,12.1,3.71,8.100000000000001,64.3,,,0,0
2023-04-07,30.1,22.1,3.0,9.7,3.36,8.0,52.099999999999994,,,0,0
2023-04-08,32.2,23.2,2.5,10.5,4.48,9.000000000000004,53.7,,,0,0
2023-04-09,31.9,23.0,4.5,10.2,4.68,8.899999999999999,44.900000000000006,,,0,0
2023-04-10,32.2,22.6,4.2,8.9,4.59,9.600000000000001,39.199999999999996,,,1,0
2023-04-11,32.5,23.7,0.6,13.0,5.02,8.8,38.6,,,1,0
2023-04-12,33.0,23.9,0.6,12.6,5.28,9.100000000000001,34.800000000000004,,,1,0
2023-04-13,32.7,23.6,1.0,10.0,4.49,9.100000000000001,16.4,,,1,0
2023-04-14,32.0,23.2,10.8,8.2,4.15,8.8,24.200000000000003,,,1,0
2023-04-15,32.0,22.8,33.1,10.1,3.63,9.2,54.800000000000004,,,0,1
2023-04-16,30.9,23.5,11.0,15.3,3.23,7.399999999999999,61.300000000000004,,,0,0
2023-04-17,32.1,24.1,2.4,9.9,4.46,8.0,59.5,,,0,0
2023-04-18,32.4,22.9,11.0,9.2,4.53,9.5,69.9,,,0,0
2023-04-19,29.7,24.0,7.9,7.4,3.27,5.699999999999999,77.2,,,0,0
2023-04-20,29.9,23.9,8.2,9.2,2.85,6.0,84.4,,,0,0
2023-04-21,31.5,23.1,7.3,14.8,3.82,8.399999999999999,80.9,,,0,0
2023-04-22,31.4,23.5,7.2,8.0,3.54,7.899999999999999,55.0,,,0,0
2023-04-23,32.0,23.5,12.4,9.0,4.23,8.5,56.4,,,0,0
2023-04-24,31.5,23.5,9.3,8.5,3.43,8.0,63.300000000000004,,,0,0
2023-04-25,27.3,24.1,5.2,6.4,1.67,3.1999999999999993,57.5,257.4,-3.6999999999999993,0,0
2023-04-26,32.1,23.0,20.5,11.9,4.43,9.100000000000001,70.1,270.5,1.0300000000000011,0,0
2023-04-27,31.6,23.8,7.5,6.7,3.95,7.800000000000001,69.4,275.1,0.41666666666666785,0,0
2023-04-28,28.0,23.1,22.0,6.7,2.65,4.899999999999999,84.10000000000001,277.2,-3.0466666666666704,0,0
2023-04-29,29.8,22.6,4.1,8.8,3.22,7.199999999999999,81.0,260.6,-1.2533333333333339,0,0
2023-04-30,31.3,23.0,1.8,6.4,3.84,8.3,70.39999999999999,247.20000000000002,0.20333333333333314,0,0
2023-05-01,31.7,23.2,29.0,8.7,4.21,8.5,90.1,275.3,0.5633333333333326,0,1
2023-05-02,29.9,24.1,0.1,7.4,3.24,5.799999999999997,85.0,262.09999999999997,-1.1866666666666674,0,0
2023-05-03,32.2,23.8,1.9,9.4,4.2,8.400000000000002,66.39999999999999,254.10000000000002,1.043333333333333,0,0
2023-05-04,31.4,23.4,6.2,7.2,3.85,8.0,65.1,259.1,0.20333333333333314,0,0
2023-05-05,30.0,23.1,8.1,7.0,3.51,6.899999999999999,51.199999999999996,262.8,-1.1966666666666654,0,0
2023-05-06,31.1,23.9,9.5,6.6,3.59,7.200000000000003,56.6,252.9,-0.11333333333332973,0,0
2023-05-07,29.5,23.6,42.3,7.6,3.6,5.899999999999999,97.1,292.2,-1.6933333333333351,0,1
2023-05-08,30.8,24.0,6.7,7.7,3.18,6.800000000000001,74.8,296.40000000000003,-0.346666666666664,0,0
2023-05-09,30.0,23.4,10.1,8.2,2.7,6.600000000000001,84.8,302.0,-1.0833333333333321,0,0
2023-05-10,28.0,22.7,2.4,7.4,1.8,5.300000000000001,85.3,300.20000000000005,-2.9433333333333316,0,0
2023-05-11,33.0,24.1,7.5,17.0,4.67,8.899999999999999,86.6,307.1,2.0400000000000027,0,0
2023-05-12,32.9,24.6,3.0,10.5,4.64,8.299999999999997,81.5,309.5,1.9433333333333351,0,0
2023-05-13,30.2,22.9,38.0,8.7,3.21,7.300000000000001,110.0,346.5,-0.6733333333333356,0,1
2023-05-14,31.0,24.1,1.4,7.3,4.06,6.899999999999999,69.10000000000001,337.1,0.16000000000000014,0,0
2023-05-15,31.0,23.8,1.1,8.7,4.1,7.199999999999999,63.5,305.1,0.19333333333333158,0,0
2023-05-16,32.0,24.5,0.0,7.1,4.56,7.5,53.400000000000006,294.1,1.1566666666666698,0,0
2023-05-17,30.9,23.8,1.4,7.0,3.54,7.099999999999998,52.4,293.1,0.09666666666666401,0,0
2023-05-18,30.1,23.5,8.6,6.5,3.48,6.600000000000001,53.5,290.70000000000005,-0.6266666666666652,0,0
2023-05-19,29.4,22.8,7.6,7.1,2.82,6.599999999999998,58.1,290.4,-1.3166666666666664,0,0
2023-05-20,29.9,23.1,1.8,8.7,3.33,6.799999999999997,21.9,284.0,-0.8166666666666664,1,0
2023-05-21,31.1,23.0,2.9,8.6,4.11,8.100000000000001,23.400000000000002,279.59999999999997,0.3966666666666683,1,0
2023-05-22,29.8,23.0,3.6,9.0,3.04,6.800000000000001,25.9,276.0,-0.8499999999999979,1,0
2023-05-23,31.1,23.4,3.7,9.1,4.04,7.700000000000003,29.6,267.3,0.480000000000004,1,0
2023-05-24,30.6,23.1,1.0,10.2,3.48,7.5,29.200000000000003,259.0,0.010000000000005116,1,0
2023-05-25,31.6,23.6,4.1,9.3,4.14,8.0,24.7,257.9,0.8666666666666671,1,0
2023-05-26,31.4,23.1,7.8,8.5,3.85,8.299999999999997,24.900000000000002,245.2,0.6900000000000013,1,0
2023-05-27,31.1,23.2,10.4,7.6,3.89,7.900000000000002,33.5,248.1,0.40666666666666984,1,0
2023-05-28,31.3,24.0,1.2,10.2,3.91,7.300000000000001,31.799999999999997,227.29999999999998,0.4966666666666697,1,0
2023-05-29,29.8,23.5,5.5,7.8,3.06,6.300000000000001,33.7,228.7,-1.0033333333333339,1,0
2023-05-30,31.1,23.4,3.2,8.1,3.55,7.700000000000003,33.199999999999996,230.1,0.303333333333331,1,0
2023-05-31,30.9,23.9,2.3,12.1,3.17,7.0,34.5,203.39999999999998,0.129999999999999,1,0
2023-06-01,30.9,24.2,0.5,5.4,3.67,6.699999999999999,30.9,203.79999999999998,0.09666666666666401,1,0
2023-06-02,32.1,24.0,10.4,9.0,3.94,8.100000000000001,33.5,212.29999999999998,1.3000000000000007,1,0
2023-06-03,31.4,23.3,15.4,7.6,3.43,8.099999999999998,38.5,221.5,0.5999999999999979,1,0
2023-06-04,28.9,22.4,48.2,9.5,2.82,6.5,85.5,261.6,-1.8633333333333333,0,1
2023-06-05,29.6,23.2,9.4,7.4,2.77,6.400000000000002,89.4,261.5,-1.1133333333333297,0,0
2023-06-06,31.2,23.1,11.8,8.6,3.76,8.099999999999998,98.0,231.0,0.4299999999999997,0,0
2023-06-07,29.9,22.7,13.6,10.5,3.27,7.199999999999999,109.3,237.9,-0.8400000000000034,0,0
2023-06-08,30.0,23.5,3.5,10.5,3.31,6.5,112.3,231.3,-0.740000000000002,0,0
2023-06-09,31.3,23.0,1.0,8.4,3.93,8.3,102.9,229.9,0.4499999999999993,0,0
2023-06-10,31.5,23.4,2.2,6.0,3.9,8.100000000000001,89.7,224.60000000000002,0.6999999999999993,0,0
2023-06-11,31.1,22.9,11.3,14.7,3.81,8.200000000000003,52.8,232.9,0.35999999999999943,0,0
2023-06-12,30.5,23.3,7.0,8.6,3.39,7.199999999999999,50.400000000000006,201.9,-0.25,0,0
2023-06-13,31.5,22.9,13.4,10.2,3.59,8.600000000000001,52.0,213.9,0.7333333333333343,0,0
2023-06-14,29.1,22.8,21.6,6.5,2.86,6.300000000000001,60.00000000000001,234.4,-1.6033333333333317,0,0
2023-06-15,26.6,22.8,18.0,7.1,2.04,3.8000000000000007,74.5,252.4,-3.923333333333332,0,0
2023-06-16,30.4,22.7,33.3,8.5,3.46,7.699999999999999,106.8,284.3,-0.10666666666666913,0,1
2023-06-17,29.6,22.8,2.3,11.8,3.18,6.800000000000001,106.89999999999999,278.0,-0.8900000000000006,0,0
2023-06-18,30.5,23.4,2.7,12.0,3.68,7.100000000000001,98.3,273.1,-0.026666666666667282,0,0
2023-06-19,30.0,22.4,49.3,10.5,3.2,7.600000000000001,140.6,320.6,-0.5300000000000047,0,1
2023-06-20,26.4,22.5,1.6,6.1,1.54,3.8999999999999986,128.8,319.3,-3.9733333333333363,0,0
2023-06-21,31.5,23.1,0.0,8.4,3.86,8.399999999999999,107.19999999999999,315.7,1.0700000000000003,0,0
2023-06-22,30.5,23.4,0.8,10.6,3.87,7.100000000000001,90.0,312.8,0.0899999999999963,0,0
2023-06-23,30.8,22.7,2.4,8.6,3.73,8.100000000000001,59.099999999999994,314.2,0.38333333333333286,0,0
2023-06-24,30.6,22.4,1.3,7.6,3.82,8.200000000000003,58.1,311.4,0.21666666666666856,0,0
2023-06-25,31.0,23.2,2.0,9.2,4.05,7.800000000000001,57.4,305.59999999999997,0.629999999999999,0,0
2023-06-26,31.2,22.7,3.0,8.9,3.97,8.5,11.1,298.2,0.8266666666666644,1,0
2023-06-27,30.8,23.1,6.7,6.2,3.27,7.699999999999999,16.2,303.7,0.4433333333333316,1,0
2023-06-28,32.0,23.5,0.3,11.3,4.3,8.5,16.5,298.5,1.5700000000000003,1,0
2023-06-29,30.9,23.4,25.9,9.4,3.45,7.5,41.599999999999994,321.20000000000005,0.47666666666666657,1,0
2023-06-30,30.4,23.1,25.0,6.8,3.08,7.299999999999997,64.2,343.90000000000003,-0.0066666666666712615,0,0
2023-07-01,30.5,23.3,20.1,8.9,2.99,7.199999999999999,83.0,363.5,0.10666666666666913,0,0
2023-07-02,27.9,22.6,27.4,6.4,2.27,5.299999999999997,108.39999999999999,380.5,-2.3533333333333353,0,0
2023-07-03,26.5,22.2,10.0,6.3,1.53,4.300000000000001,115.39999999999999,375.1,-3.59,0,0
2023-07-04,30.9,22.4,2.0,8.1,3.81,8.5,110.69999999999999,328.90000000000003,0.7433333333333287,0,0
2023-07-05,31.4,22.9,28.8,8.0,4.09,8.5,139.2,348.29999999999995,1.1833333333333336,0,1
2023-07-06,30.2,22.6,28.3,9.4,3.01,7.599999999999998,141.6,364.8,0.01666666666666572,0,1
2023-07-07,28.2,22.6,26.4,8.2,2.6,5.599999999999998,143.0,377.6,-1.9266666666666659,0,0
2023-07-08,29.1,23.0,2.6,7.3,2.84,6.100000000000001,125.5,376.7,-0.9966666666666661,0,0
2023-07-09,30.6,22.6,15.3,8.2,3.4,8.0,113.4,391.0,0.5266666666666673,0,0
2023-07-10,30.7,22.7,8.8,8.7,3.82,8.0,112.2,397.6,0.6533333333333324,0,0
2023-07-11,30.5,23.0,0.8,8.3,3.79,7.5,111.0,387.1,0.47333333333333627,0,0
2023-07-12,31.2,22.9,0.3,9.7,4.27,8.3,82.5,380.4,1.1499999999999986,0,0
2023-07-13,30.4,23.6,0.6,11.0,3.84,6.799999999999997,54.8,367.6,0.3866666666666667,0,0
2023-07-14,29.4,22.5,27.8,8.4,2.53,6.899999999999999,56.2,373.8,-0.6233333333333313,0,1
2023-07-15,27.4,23.1,20.3,6.4,1.94,4.299999999999997,73.9,376.1,-2.650000000000002,0,0
2023-07-16,29.9,22.5,3.5,6.7,3.24,7.399999999999999,62.10000000000001,346.3,-0.1333333333333364,0,0
2023-07-17,29.8,22.5,0.3,9.4,3.06,7.300000000000001,53.6,344.29999999999995,-0.23999999999999844,0,0
2023-07-18,30.1,22.6,0.1,9.1,3.64,7.5,52.900000000000006,341.7,0.07333333333333769,0,0
2023-07-19,30.2,22.6,10.9,8.4,3.51,7.599999999999998,63.5,303.29999999999995,0.1666666666666643,0,0
2023-07-20,28.6,22.5,9.5,7.9,2.55,6.100000000000001,72.4,311.20000000000005,-1.5066666666666642,0,0
2023-07-21,29.8,22.3,6.5,9.6,2.77,7.5,51.1,317.70000000000005,-0.25,0,0
2023-07-22,27.9,23.4,0.1,9.7,2.48,4.5,30.900000000000002,317.0,-2.0633333333333326,1,0
2023-07-23,30.9,23.1,0.7,9.8,4.04,7.799999999999997,28.1,315.3,0.9333333333333336,1,0
2023-07-24,31.4,22.8,4.4,7.9,3.75,8.599999999999998,32.2,318.40000000000003,1.4066666666666663,1,0
2023-07-25,31.5,23.0,0.0,8.8,4.37,8.5,32.1,316.40000000000003,1.490000000000002,1,0
2023-07-26,30.8,22.5,1.1,9.1,3.65,8.3,22.3,314.5,0.8033333333333346,1,0
2023-07-27,31.2,22.8,0.0,10.6,4.4,8.399999999999999,12.8,307.8,1.1900000000000013,1,0
2023-07-28,31.2,22.6,0.0,11.4,4.47,8.599999999999998,6.300000000000001,307.5,1.216666666666665,1,0
2023-07-29,31.2,22.2,0.0,11.2,4.56,9.0,6.200000000000001,281.59999999999997,1.2066666666666634,1,0
2023-07-30,30.8,22.5,0.0,10.1,3.91,8.3,5.5,256.59999999999997,0.793333333333333,1,0
2023-07-31,31.4,23.2,0.1,9.4,4.44,8.2,1.2000000000000002,236.60000000000002,1.3633333333333297,1,0
2023-08-01,32.0,23.1,3.8,8.5,4.05,8.899999999999999,5.0,213.0,1.826666666666668,1,0
2023-08-02,31.9,22.1,1.7,12.8,4.13,9.799999999999997,5.6,204.70000000000002,1.5466666666666669,1,0
2023-08-03,32.5,23.4,0.0,11.0,4.24,9.100000000000001,5.6,202.70000000000002,2.0933333333333373,1,0
2023-08-04,31.9,23.5,0.1,12.2,4.5,8.399999999999999,5.7,174.0,1.476666666666663,1,0
2023-08-05,31.5,22.8,6.1,8.9,3.74,8.7,11.8,151.79999999999998,1.033333333333335,1,0
2023-08-06,29.8,23.0,19.1,10.2,3.22,6.800000000000001,30.900000000000002,144.5,-0.7199999999999989,1,0
2023-08-07,29.0,23.1,8.4,8.6,2.98,5.899999999999999,39.2,150.3,-1.5166666666666657,1,0
2023-08-08,30.8,23.6,0.5,10.7,4.08,7.199999999999999,35.900000000000006,135.5,0.27666666666667084,1,0
2023-08-09,31.2,22.4,0.1,9.0,4.16,8.8,34.300000000000004,126.80000000000001,0.6599999999999966,1,0
2023-08-10,31.6,22.5,0.0,8.1,4.4,9.100000000000001,34.300000000000004,126.0,1.0233333333333334,1,0
2023-08-11,31.0,21.7,0.3,8.2,4.02,9.3,34.5,126.0,0.4299999999999997,1,0
2023-08-12,31.4,21.7,0.0,14.3,4.68,9.7,28.400000000000002,125.4,0.7966666666666633,1,0
2023-08-13,31.8,22.5,0.0,12.6,4.4,9.3,9.3,97.6,1.1166666666666671,1,0
2023-08-14,32.2,23.0,0.1,10.6,4.55,9.200000000000003,1.0,77.4,1.3566666666666727,1,0
2023-08-15,32.0,24.0,1.2,10.0,4.21,8.0,1.7,75.1,1.086666666666666,1,0
2023-08-16,32.9,22.4,0.0,10.9,4.85,10.5,1.5999999999999999,74.8,1.8833333333333329,1,0
2023-08-17,33.2,23.2,0.0,12.9,4.79,10.000000000000004,1.5999999999999999,74.7,2.080000000000002,1,0
2023-08-18,32.5,22.5,0.7,9.4,3.91,10.0,1.9999999999999998,64.5,1.3033333333333346,1,0
2023-08-19,33.0,23.6,0.0,7.9,4.37,9.399999999999999,2.0,55.0,1.6566666666666627,1,0
2023-08-20,32.9,24.1,1.5,7.7,4.34,8.799999999999997,3.5,50.0,1.4533333333333331,1,0
2023-08-21,33.2,22.5,34.3,12.9,4.03,10.700000000000003,37.699999999999996,84.19999999999999,1.576666666666668,1,1
2023-08-22,31.8,22.6,11.1,11.0,3.62,9.2,47.599999999999994,94.6,0.14666666666666828,0,0
2023-08-23,31.2,22.9,12.3,8.5,3.15,8.3,59.89999999999999,102.5,-0.446666666666669,0,0
2023-08-24,32.1,23.4,15.0,11.2,3.88,8.700000000000003,74.89999999999999,117.5,0.43333333333333357,0,0
2023-08-25,30.3,22.5,28.5,8.7,2.98,7.800000000000001,102.69999999999999,144.89999999999998,-1.3499999999999979,0,1
2023-08-26,30.4,23.0,1.1,8.0,3.75,7.399999999999999,103.79999999999998,146.0,-1.2233333333333363,0,0
2023-08-27,31.1,22.8,0.3,8.5,4.02,8.3,102.6,146.29999999999998,-0.5199999999999996,0,0
2023-08-28,31.7,22.9,0.3,9.6,4.39,8.8,68.60000000000001,146.6,0.06333333333333613,0,0
2023-08-29,31.5,23.0,0.5,9.9,4.41,8.5,58.0,147.1,-0.16000000000000014,0,0
2023-08-30,32.5,23.2,0.0,11.9,4.56,9.3,45.7,147.0,0.8033333333333346,0,0
2023-08-31,32.3,23.3,0.3,10.1,4.54,8.999999999999996,31.0,143.5,0.5933333333333302,1,0
2023-09-01,31.4,22.1,0.4,14.9,4.6,9.299999999999997,2.9,142.2,-0.2900000000000027,1,0
2023-09-02,32.3,22.4,0.0,13.6,4.46,9.899999999999999,1.8,142.2,0.6166666666666636,1,0
2023-09-03,32.7,22.5,0.1,13.4,4.48,10.200000000000003,1.5999999999999999,142.20000000000002,0.9900000000000055,1,0
2023-09-04,32.1,23.7,0.4,11.4,3.89,8.400000000000002,1.7,136.5,0.370000000000001,1,0
2023-09-05,32.2,23.4,11.6,10.5,3.47,8.800000000000004,12.8,129.0,0.3900000000000041,1,0
2023-09-06,31.9,22.2,44.7,9.2,3.91,9.7,57.5,165.3,-0.0066666666666712615,0,1
2023-09-07,29.4,22.8,8.3,5.8,2.98,6.599999999999998,65.5,173.1,-2.4600000000000044,0,0
2023-09-08,31.5,23.2,0.2,9.4,4.03,8.3,65.3,173.20000000000002,-0.370000000000001,0,0
2023-09-09,32.6,23.8,0.0,10.1,4.24,8.8,65.3,173.20000000000002,0.696666666666669,0,0
2023-09-10,32.2,23.3,0.7,11.0,4.12,8.900000000000002,65.9,173.6,0.25666666666667126,0,0
2023-09-11,31.6,22.6,5.3,11.2,3.59,9.0,70.8,178.89999999999998,-0.34999999999999787,0,0
2023-09-12,27.7,23.0,8.6,7.5,2.25,4.699999999999999,67.8,187.5,-4.113333333333337,0,0
2023-09-13,31.2,23.0,4.5,9.4,3.75,8.2,27.6,191.9,-0.5799999999999983,1,0
2023-09-14,29.8,23.3,2.8,6.9,3.43,6.5,22.099999999999998,193.5,-1.9066666666666663,1,0
2023-09-15,31.5,23.1,15.4,10.1,3.6,8.399999999999999,37.3,208.9,-0.1600000000000037,1,0
2023-09-16,31.1,23.1,8.6,8.7,3.75,8.0,45.9,217.5,-0.4899999999999949,0,0
2023-09-17,28.4,23.1,13.7,4.5,2.48,5.299999999999997,58.9,230.5,-3.0533333333333346,0,0
2023-09-18,32.0,23.1,12.6,11.5,4.17,8.899999999999999,66.2,243.1,0.5799999999999983,0,0
2023-09-19,30.9,23.0,4.1,8.1,3.47,7.899999999999999,61.699999999999996,245.7,-0.4533333333333367,0,0
2023-09-20,31.5,22.7,3.5,10.5,3.45,8.8,60.699999999999996,214.9,0.20333333333333314,0,0
2023-09-21,32.0,22.5,0.2,10.7,4.51,9.5,58.1,204.0,0.6966666666666654,0,0
2023-09-22,31.9,22.7,0.0,11.9,4.61,9.2,42.7,191.7,0.5733333333333341,0,0
2023-09-23,32.0,22.6,0.0,11.4,4.49,9.399999999999999,34.1,176.7,0.6766666666666659,1,0
2023-09-24,33.5,23.5,0.2,10.3,4.91,10.0,20.599999999999998,148.4,2.0700000000000003,1,0
2023-09-25,32.8,23.0,0.0,8.8,4.7,9.799999999999997,8.0,147.3,1.2899999999999991,1,0
2023-09-26,33.0,23.0,0.1,12.9,4.9,10.0,4.0,147.1,1.4266666666666694,1,0
2023-09-27,33.8,23.8,0.0,13.7,5.17,9.999999999999996,0.5,146.8,2.1566666666666627,1,0
2023-09-28,34.6,23.3,0.2,10.0,4.94,11.3,0.5,146.5,2.8533333333333317,1,0
2023-09-29,33.3,22.9,12.0,10.1,4.19,10.399999999999999,12.5,158.5,1.5266666666666637,1,0
2023-09-30,34.0,23.5,0.1,10.2,5.05,10.5,12.6,158.3,2.1700000000000017,1,0
2023-10-01,33.7,23.1,0.0,10.1,4.69,10.600000000000001,12.4,157.9,1.793333333333333,1,0
2023-10-02,34.6,23.4,0.0,8.9,5.13,11.200000000000003,12.4,157.9,2.616666666666667,1,0
2023-10-03,33.9,24.5,1.3,10.7,4.7,9.399999999999999,13.6,159.1,1.8766666666666652,1,0
2023-10-04,34.5,24.8,1.4,10.8,4.81,9.7,15.0,160.1,2.3966666666666683,1,0
2023-10-05,34.2,23.9,0.2,11.3,4.08,10.300000000000004,15.0,148.7,2.030000000000001,1,0
2023-10-06,32.8,23.9,2.8,9.0,3.62,8.899999999999999,5.8,106.8,0.5999999999999943,1,0
2023-10-07,33.7,23.0,11.3,10.8,4.52,10.700000000000003,17.0,109.8,1.3566666666666691,1,0
2023-10-08,32.2,23.2,24.2,10.4,3.47,9.000000000000004,41.2,133.8,-0.1666666666666643,1,0
2023-10-09,29.7,23.4,7.4,8.8,3.05,6.300000000000001,48.6,141.2,-2.5699999999999967,0,0
2023-10-10,32.4,23.5,0.1,9.7,4.08,8.899999999999999,47.400000000000006,140.60000000000002,0.12333333333332774,0,0
2023-10-11,33.9,23.6,0.0,11.3,4.67,10.299999999999997,46.0,135.3,1.5466666666666669,0,0
2023-10-12,32.3,23.3,0.3,9.2,4.16,8.999999999999996,46.1,127.0,-0.20666666666667055,0,0
2023-10-13,33.2,22.8,5.6,9.0,4.22,10.400000000000002,48.9,128.1,0.6266666666666652,0,0
2023-10-14,31.8,22.8,20.4,10.5,3.69,9.0,58.0,145.7,-0.8399999999999999,0,0
2023-10-15,32.5,22.8,7.2,16.3,4.04,9.7,41.0,137.49999999999997,-0.173333333333332,1,0
2023-10-16,33.3,23.5,0.5,16.1,4.36,9.799999999999997,34.1,129.39999999999998,0.5533333333333275,1,0
2023-10-17,33.7,23.3,10.2,8.7,4.46,10.400000000000002,44.199999999999996,125.9,0.7766666666666708,0,0
2023-10-18,32.0,22.5,30.3,10.0,3.69,9.5,74.5,143.6,-0.923333333333332,0,1
2023-10-19,32.2,22.6,19.1,11.9,3.62,9.600000000000001,93.3,158.6,-0.7666666666666657,0,0
2023-10-20,32.3,23.0,20.6,9.7,3.93,9.299999999999997,108.30000000000001,175.7,-0.6933333333333351,0,0
2023-10-21,32.5,23.0,9.2,8.4,3.83,9.5,97.1,184.70000000000002,-0.509999999999998,0,0
2023-10-22,32.1,22.5,1.0,8.0,3.92,9.600000000000001,90.9,185.70000000000002,-0.9166666666666643,0,0
2023-10-23,32.0,22.5,27.6,11.8,4.34,9.5,118.0,213.3,-1.0166666666666657,0,0
2023-10-24,30.4,23.4,7.3,6.5,2.92,7.0,115.10000000000001,220.4,-2.5133333333333354,0,0
2023-10-25,32.5,23.1,2.6,9.2,4.35,9.399999999999999,87.4,223.0,-0.403333333333336,0,0
2023-10-26,32.2,23.3,0.4,10.3,4.21,8.900000000000002,68.7,223.3,-0.6766666666666694,0,0
2023-10-27,33.0,22.5,2.8,9.4,4.48,10.5,50.9,226.1,0.14999999999999858,0,0
2023-10-28,32.1,22.7,0.4,10.7,4.57,9.400000000000002,42.1,226.3,-0.6666666666666643,0,0
2023-10-29,32.5,22.9,7.7,9.8,4.3,9.600000000000001,48.800000000000004,222.0,-0.240000000000002,0,0
2023-10-30,33.1,22.4,13.9,18.1,4.38,10.700000000000003,35.1,235.79999999999998,0.39000000000000057,1,0
2023-10-31,32.0,23.0,9.8,10.4,3.94,9.0,37.6,245.6,-0.6533333333333289,1,0
2023-11-01,33.0,23.5,1.2,11.1,4.86,9.5,36.2,246.79999999999998,0.3999999999999986,1,0
2023-11-02,31.9,22.9,37.2,13.3,3.65,9.0,73.0,282.7,-0.6333333333333329,0,1
2023-11-03,31.0,23.4,32.2,11.5,2.94,7.600000000000001,102.4,313.5,-1.4166666666666643,0,1
2023-11-04,31.3,22.9,16.0,11.1,3.49,8.400000000000002,118.0,329.3,-1.0199999999999996,0,0
2023-11-05,32.8,23.6,19.7,9.2,4.53,9.199999999999996,130.0,346.2,0.4799999999999969,0,0
2023-11-06,32.0,22.4,21.1,10.2,3.72,9.600000000000001,137.20000000000002,356.0,-0.2633333333333354,0,0
2023-11-07,31.5,23.7,5.0,8.1,3.56,7.800000000000001,132.4,336.79999999999995,-0.740000000000002,0,0
2023-11-08,31.1,23.0,20.7,9.0,3.6,8.100000000000001,151.9,350.1,-1.1866666666666674,0,0
2023-11-09,30.5,22.4,2.9,7.5,2.92,8.100000000000001,117.6,352.9,-1.7233333333333292,0,0
2023-11-10,33.0,23.1,0.4,13.0,4.85,9.899999999999999,85.80000000000001,353.29999999999995,0.8066666666666649,0,0
2023-11-11,31.6,23.5,12.4,9.6,3.37,8.100000000000001,82.2,365.40000000000003,-0.5700000000000003,0,0
2023-11-12,31.6,22.8,45.9,9.1,3.8,8.8,108.4,405.7,-0.5166666666666657,0,1
2023-11-13,32.0,23.3,5.8,6.2,4.06,8.7,93.1,391.1,-0.12333333333333485,0,0
2023-11-14,33.0,23.5,3.2,7.4,4.38,9.5,91.3,387.1,0.8599999999999994,0,0
2023-11-15,33.0,23.2,15.6,11.5,4.83,9.8,86.19999999999999,402.20000000000005,0.8699999999999974,0,0
2023-11-16,31.0,23.0,17.1,10.8,3.14,8.0,100.4,409.1,-1.0399999999999991,0,0
2023-11-17,30.8,22.9,22.0,7.9,3.83,7.900000000000002,122.0,400.80000000000007,-1.1999999999999993,0,0
2023-11-18,31.5,23.4,18.2,8.0,3.59,8.100000000000001,127.80000000000001,399.90000000000003,-0.47666666666666657,0,0
2023-11-19,31.0,23.2,35.3,8.2,3.24,7.800000000000001,117.2,414.6,-0.9333333333333336,0,1
2023-11-20,32.5,23.9,0.2,9.0,4.17,8.600000000000001,111.60000000000001,405.6,0.5666666666666664,0,0
2023-11-21,32.4,23.3,14.7,10.1,4.02,9.099999999999998,123.1,419.3,0.45666666666666345,0,0
2023-11-22,30.8,22.9,31.6,8.3,3.35,7.900000000000002,139.10000000000002,423.30000000000007,-1.1033333333333317,0,1
2023-11-23,31.0,23.2,18.1,8.9,3.35,7.800000000000001,140.1,434.1,-0.9233333333333356,0,0
2023-11-24,33.0,23.3,44.5,7.8,4.58,9.7,162.6,476.0,1.0599999999999987,0,1
2023-11-25,32.9,23.0,16.3,10.2,4.37,9.899999999999999,160.70000000000002,491.90000000000003,0.9366666666666674,0,0
2023-11-26,29.8,23.2,24.5,6.5,2.88,6.600000000000001,149.9,513.6,-2.0566666666666684,0,0
2023-11-27,31.8,22.9,1.7,7.6,4.17,8.900000000000002,151.4,514.9000000000001,-0.046666666666666856,0,0
2023-11-28,32.3,23.2,9.0,10.5,3.59,9.099999999999998,145.7,516.2,0.46000000000000085,0,0
2023-11-29,31.5,23.6,3.5,7.4,4.13,7.899999999999999,117.6,505.8,-0.2866666666666653,0,0
2023-11-30,32.8,23.0,30.8,14.5,4.2,9.799999999999997,130.3,526.8,0.9866666666666646,0,1
2023-12-01,30.9,22.9,46.2,10.5,3.36,8.0,132.0,571.8,-0.8433333333333373,0,1
2023-12-02,28.9,23.0,4.8,8.4,2.27,5.899999999999999,120.5,539.4000000000001,-2.7433333333333323,0,0
2023-12-03,33.0,23.2,22.7,10.0,4.63,9.8,118.7,529.9,1.2900000000000027,0,0
2023-12-04,28.0,23.0,13.9,10.6,2.55,5.0,130.9,527.8,-3.6000000000000014,0,0
2023-12-05,32.0,23.6,2.2,9.0,4.03,8.399999999999999,124.1,510.3,0.42666666666666586,0,0
2023-12-06,32.2,23.2,20.6,8.7,4.38,9.000000000000004,141.2,509.80000000000007,0.620000000000001,0,0
2023-12-07,26.2,23.1,14.3,9.0,1.11,3.099999999999998,124.7,519.1,-5.203333333333333,0,0
2023-12-08,31.6,23.5,15.1,14.3,4.3,8.100000000000001,93.60000000000001,513.5,0.17999999999999972,0,0
2023-12-09,31.6,23.4,40.7,10.2,3.79,8.200000000000003,129.5,551.3000000000001,0.14333333333333442,0,1
2023-12-10,28.7,23.8,3.6,6.6,2.23,4.899999999999999,110.4,554.5,-2.613333333333337,0,0
2023-12-11,31.5,23.4,2.5,14.3,4.1,8.100000000000001,99.0,544.6,0.18999999999999773,0,0
2023-12-12,31.2,23.4,25.2,11.6,3.72,7.800000000000001,122.00000000000001,523.9,-0.09666666666666757,0,0
2023-12-13,29.1,23.2,4.1,9.2,2.9,5.900000000000002,105.5,522.1999999999999,-2.099999999999998,0,0
2023-12-14,31.8,23.4,31.5,8.4,4.26,8.400000000000002,122.7,550.5,0.6400000000000006,0,1
2023-12-15,29.5,23.5,6.8,6.7,2.65,6.0,114.39999999999999,541.7,-1.543333333333333,0,0
2023-12-16,33.0,23.4,16.1,9.7,4.76,9.600000000000001,89.8,540.6999999999999,1.8900000000000006,0,0
2023-12-17,30.8,23.3,15.0,8.2,3.29,7.5,101.2,533.6999999999999,-0.3100000000000023,0,0
2023-12-18,30.8,23.4,18.6,10.6,3.7,7.400000000000002,117.3,534.1,-0.2866666666666653,0,0
2023-12-19,29.9,22.9,8.9,11.2,2.73,7.0,101.0,507.7,-1.1500000000000021,0,0
2023-12-20,31.9,23.0,27.2,11.9,4.37,8.899999999999999,124.1,534.7,0.8699999999999939,0,0
2023-12-21,30.5,23.3,13.6,8.2,3.37,7.199999999999999,106.2,533.6,-0.466666666666665,0,0
2023-12-22,32.2,23.2,2.4,11.7,4.46,9.000000000000004,101.8,504.40000000000003,1.186666666666671,0,0
2023-12-23,32.1,24.5,12.0,7.8,4.66,7.600000000000001,97.69999999999999,498.3,1.0500000000000007,0,0
2023-12-24,32.9,23.5,46.6,7.4,3.92,9.399999999999999,129.3,500.40000000000003,1.8533333333333317,0,1
2023-12-25,29.4,23.0,12.2,10.2,2.89,6.399999999999999,122.9,496.3,-1.5300000000000011,0,0
2023-12-26,32.0,23.1,15.0,10.3,4.66,8.899999999999999,129.0,486.8,0.9966666666666697,0,0
2023-12-27,31.6,23.7,8.8,8.6,3.85,7.900000000000002,110.60000000000001,493.90000000000003,0.6033333333333353,0,0
2023-12-28,30.9,24.0,10.8,5.6,3.12,6.899999999999999,107.8,495.70000000000005,-0.05000000000000071,0,0
2023-12-29,31.9,23.9,19.5,8.3,3.65,8.0,124.9,511.70000000000005,0.9366666666666639,0,0
2023-12-30,32.0,23.4,18.2,11.5,4.06,8.600000000000001,131.10000000000002,499.1,1.0633333333333326,0,0
2023-12-31,29.0,23.7,32.3,5.0,2.56,5.300000000000001,116.8,485.20000000000005,-1.8733333333333348,0,1
2024-01-01,31.4,23.6,5.9,7.1,3.46,7.799999999999997,110.5,486.3,0.4433333333333316,0,0
2024-01-02,29.0,22.1,16.6,8.2,2.83,6.899999999999999,112.1,480.20000000000005,-1.8233333333333341,0,0
2024-01-03,31.5,23.7,20.1,6.3,4.12,7.800000000000001,123.4,486.4,0.5599999999999987,0,0
2024-01-04,30.2,22.9,21.5,8.0,3.18,7.300000000000001,134.1,505.7,-0.6799999999999997,0,0
2024-01-05,31.9,23.2,3.7,7.6,4.0,8.7,118.3,488.8,1.0299999999999976,0,0
2024-01-06,31.5,23.5,17.9,10.6,3.83,8.0,118.0,492.40000000000003,0.4533333333333296,0,0
2024-01-07,30.8,23.5,15.8,7.9,3.42,7.300000000000001,101.5,493.1,-0.21999999999999886,0,0
2024-01-08,28.0,23.6,24.9,7.2,2.51,4.399999999999999,120.5,477.3,-2.8999999999999986,0,0
2024-01-09,30.0,23.2,34.0,7.1,3.71,6.800000000000001,137.9,507.7,-0.9433333333333316,0,1
2024-01-10,33.0,23.7,15.6,10.9,4.84,9.3,133.4,520.8,2.0066666666666677,0,0
2024-01-11,28.6,23.1,14.7,7.4,2.64,5.5,126.60000000000001,510.3,-2.3066666666666684,0,0
2024-01-12,31.4,23.7,26.5,9.6,3.66,7.699999999999999,149.4,532.6999999999999,0.4166666666666643,0,0
2024-01-13,28.4,23.4,7.9,9.7,2.32,5.0,139.4,509.09999999999997,-2.4700000000000024,0,0
2024-01-14,30.0,23.7,24.2,9.5,3.05,6.300000000000001,147.8,526.5,-0.8866666666666667,0,0
2024-01-15,30.8,23.6,1.3,11.8,3.91,7.199999999999999,124.19999999999999,511.7,-0.013333333333335418,0,0
2024-01-16,30.9,23.2,42.4,6.4,3.15,7.699999999999999,132.6,539.1,0.08333333333333215,0,1
2024-01-17,31.5,23.5,18.0,8.7,3.98,8.0,135.0,538.5,0.6600000000000001,0,0
2024-01-18,29.5,23.9,28.1,8.3,3.74,5.600000000000001,148.39999999999998,557.7,-1.326666666666668,0,1
2024-01-19,29.8,23.9,5.0,9.7,2.59,5.900000000000002,126.89999999999999,535.5,-0.9566666666666634,0,0
2024-01-20,30.2,23.5,3.4,13.1,2.39,6.699999999999999,122.4,525.3000000000001,-0.5466666666666669,0,0
2024-01-21,31.5,24.1,0.0,12.0,3.68,7.399999999999999,98.2,522.9,0.7766666666666637,0,0
2024-01-22,32.3,24.3,0.0,9.7,4.28,7.9999999999999964,96.9,510.9,1.5699999999999967,0,0
2024-01-23,32.5,24.1,0.4,14.2,4.62,8.399999999999999,54.9,464.7,1.783333333333335,0,0
2024-01-24,33.0,24.0,4.6,9.4,4.37,9.0,41.5,457.09999999999997,2.163333333333334,1,0
2024-01-25,32.8,23.5,21.2,11.9,4.16,9.299999999999997,34.599999999999994,463.3,1.9366666666666603,1,0
2024-01-26,32.4,23.2,9.5,16.2,4.62,9.2,39.099999999999994,464.0,1.509999999999998,1,0
2024-01-27,31.8,22.7,29.4,8.7,4.01,9.100000000000001,65.1,482.59999999999997,0.879999999999999,0,1
2024-01-28,32.2,23.8,1.9,8.9,4.42,8.400000000000002,67.0,464.99999999999994,1.2700000000000031,0,0
2024-01-29,31.6,23.3,15.5,9.9,3.83,8.3,82.5,462.29999999999995,0.6833333333333336,0,0
2024-01-30,31.5,23.0,9.6,10.1,4.01,8.5,91.69999999999999,439.6,0.5,0,0
2024-01-31,30.6,23.0,34.8,8.2,3.47,7.600000000000001,121.89999999999999,468.5,-0.3733333333333313,0,1
2024-02-01,32.3,23.2,16.2,6.6,4.16,9.099999999999998,116.89999999999999,468.09999999999997,1.216666666666665,0,0
2024-02-02,29.9,23.3,31.7,8.6,3.13,6.599999999999998,139.1,479.7,-1.129999999999999,0,1
2024-02-03,32.2,23.2,27.4,10.5,4.39,9.000000000000004,137.1,485.6,1.1033333333333317,0,0
2024-02-04,31.5,23.6,4.6,10.9,3.37,7.899999999999999,139.79999999999998,486.5,0.41666666666666785,0,0
2024-02-05,31.5,24.2,0.3,7.9,3.55,7.300000000000001,124.6,468.9,0.41666666666666785,0,0
2024-02-06,32.4,23.1,18.7,8.1,4.47,9.299999999999997,133.7,471.8,1.2633333333333319,0,0
2024-02-07,31.3,23.4,0.9,10.0,3.3,7.900000000000002,99.8,447.79999999999995,0.053333333333334565,0,0
2024-02-08,32.8,22.9,8.8,10.2,4.41,9.899999999999999,92.39999999999999,422.59999999999997,1.4599999999999973,0,0
2024-02-09,29.4,23.9,26.7,7.5,3.12,5.5,87.4,433.70000000000005,-1.8200000000000038,0,0
2024-02-10,31.4,23.0,15.2,9.4,3.68,8.399999999999999,75.2,434.2,0.086666666666666,0,0
2024-02-11,30.0,23.0,35.4,8.1,3.12,7.0,106.0,443.09999999999997,-1.2666666666666657,0,1
2024-02-12,29.1,22.9,9.8,7.4,2.84,6.200000000000003,115.49999999999999,445.0,-2.1900000000000013,0,0
2024-02-13,33.2,23.5,10.1,11.5,4.69,9.700000000000003,106.9,430.9,1.8033333333333381,0,0
2024-02-14,33.4,23.8,2.9,11.4,5.36,9.599999999999998,108.89999999999999,432.5,1.9166666666666643,0,0
2024-02-15,33.7,23.5,19.7,11.3,5.02,10.200000000000003,119.8,409.8,2.1233333333333384,0,0
2024-02-16,33.9,23.2,44.0,11.4,5.13,10.7,137.1,435.8,2.243333333333336,0,1
2024-02-17,31.3,23.5,9.2,11.6,3.23,7.800000000000001,131.1,416.9,-0.4166666666666643,0,0
2024-02-18,31.9,23.5,11.9,8.9,4.18,8.399999999999999,107.6,423.8,0.11333333333332973,0,0
2024-02-19,31.9,24.0,4.2,7.3,4.06,7.899999999999999,102.0,424.6,0.05666666666666842,0,0
2024-02-20,32.5,23.4,11.7,9.0,4.23,9.100000000000001,103.6,436.3,0.6233333333333348,0,0
2024-02-21,28.9,23.6,14.7,8.8,2.84,5.299999999999997,115.4,451.0,-2.8633333333333333,0,0
2024-02-22,31.1,23.0,27.7,8.4,3.7,8.100000000000001,123.4,478.29999999999995,-0.6166666666666636,0,1
2024-02-23,31.7,23.1,7.8,12.3,4.11,8.599999999999998,87.2,481.5,0.02666666666666373,0,0
2024-02-24,32.8,23.2,36.1,13.1,4.55,9.599999999999998,114.1,496.4,1.1266666666666616,0,1
2024-02-25,29.5,23.3,18.8,7.9,2.46,6.199999999999999,121.0,505.7,-2.0766666666666644,0,0
2024-02-26,28.0,23.2,6.2,7.3,1.99,4.800000000000001,123.0,482.5,-3.4499999999999993,0,0
2024-02-27,32.3,23.6,7.9,11.7,4.51,8.699999999999996,119.2,488.5,0.8466666666666676,0,0
2024-02-28,32.2,23.0,23.0,9.0,4.6,9.200000000000003,127.5,496.0,0.7266666666666701,0,0
2024-02-29,32.4,23.4,22.9,8.4,4.62,9.0,122.7,509.3,0.8966666666666683,0,0
2024-03-01,31.6,23.2,33.4,8.1,4.18,8.400000000000002,148.3,507.9,0.06333333333333258,0,1
2024-03-02,31.6,23.5,29.2,9.9,3.99,8.100000000000001,141.4,520.9,0.08666666666666956,0,1
2024-03-03,30.5,23.4,13.0,10.0,3.01,7.100000000000001,135.6,502.2,-1.033333333333335,0,0
2024-03-04,30.2,24.0,59.3,8.4,3.63,6.199999999999999,188.7,534.0999999999999,-1.2666666666666657,0,1
2024-03-05,29.9,23.4,13.6,10.9,3.35,6.5,194.4,543.0999999999999,-1.5133333333333354,0,0
2024-03-06,29.7,23.8,14.2,8.0,3.21,5.899999999999999,185.60000000000002,557.0,-1.6533333333333324,0,0
2024-03-07,32.6,24.0,20.4,11.6,4.45,8.600000000000001,183.1,558.6999999999999,1.240000000000002,0,0
2024-03-08,32.3,24.0,7.8,8.6,4.56,8.299999999999997,157.5,565.5999999999999,0.9066666666666663,0,0
2024-03-09,27.7,23.2,7.7,6.8,2.16,4.5,136.0,564.5,-3.523333333333337,0,0
2024-03-10,29.4,23.9,1.6,9.9,2.1,5.5,124.6,539.4,-1.8233333333333341,0,0
2024-03-11,33.0,24.0,2.2,9.3,4.51,9.0,67.5,526.4,1.7233333333333363,0,0
2024-03-12,33.2,23.3,32.8,11.5,4.5,9.900000000000002,86.69999999999999,523.8,1.81666666666667,0,1
2024-03-13,30.1,23.9,14.8,11.2,3.12,6.200000000000003,87.29999999999998,528.8000000000001,-1.3166666666666664,0,0
2024-03-14,32.8,23.8,4.4,9.8,4.85,8.999999999999996,71.3,523.1,1.3966666666666647,0,0
2024-03-15,33.2,24.9,0.3,6.9,4.57,8.300000000000004,63.8,520.5,1.8033333333333346,0,0
2024-03-16,32.6,23.8,0.4,7.9,4.12,8.8,56.49999999999999,501.2,1.240000000000002,0,0
2024-03-17,32.4,23.6,12.5,11.0,4.61,8.799999999999997,67.39999999999999,469.7,1.0899999999999963,0,0
2024-03-18,31.1,23.6,23.3,6.6,3.31,7.5,88.5,483.8,-0.2033333333333296,0,0
2024-03-19,31.6,23.8,5.3,13.8,4.07,7.800000000000001,61.0,477.2,0.3066666666666684,0,0
2024-03-20,32.6,23.0,34.4,12.0,4.21,9.600000000000001,80.6,507.4,1.283333333333335,0,1
2024-03-21,29.9,23.2,49.5,10.0,3.29,6.699999999999999,125.69999999999999,545.2,-1.3300000000000018,0,1
2024-03-22,30.3,23.4,8.5,8.4,3.48,6.900000000000002,133.9,539.0,-0.9766666666666666,0,0
2024-03-23,31.5,23.9,7.3,9.0,3.77,7.600000000000001,140.79999999999998,518.6,0.2099999999999973,0,0
2024-03-24,33.0,23.5,23.5,11.5,4.0,9.5,151.79999999999998,534.3,1.6666666666666679,0,0
2024-03-25,31.9,23.9,4.9,10.0,3.8,8.0,133.4,503.09999999999997,0.596666666666664,0,0
2024-03-26,32.8,23.9,10.7,8.4,4.51,8.899999999999999,138.8,494.99999999999994,1.3866666666666632,0,0
2024-03-27,29.8,23.3,20.4,7.9,2.72,6.5,124.79999999999998,509.2,-1.6733333333333356,0,0
2024-03-28,30.4,23.6,13.2,6.9,3.37,6.799999999999997,88.49999999999999,514.5,-1.0100000000000051,0,0
2024-03-29,31.9,23.6,2.1,8.2,4.48,8.299999999999997,82.10000000000001,493.6,0.5,0,0
2024-03-30,33.0,24.5,1.4,8.0,5.0,8.5,76.19999999999999,472.09999999999997,1.5799999999999983,0,0
2024-03-31,31.1,23.4,20.9,7.1,4.04,7.700000000000003,73.6,459.59999999999997,-0.303333333333331,0,0
2024-04-01,29.5,23.6,15.3,8.8,3.17,5.899999999999999,84.0,445.7,-1.8333333333333321,0,0
2024-04-02,30.9,23.9,13.6,9.3,3.74,7.0,86.89999999999999,446.3,-0.446666666666669,0,0
2024-04-03,33.1,24.2,24.2,15.1,4.93,8.900000000000002,90.7,411.2,1.6566666666666698,0,0
2024-04-04,32.8,23.8,27.1,15.2,3.95,8.999999999999996,104.6,424.69999999999993,1.259999999999998,0,0
2024-04-05,32.2,23.8,25.6,8.0,4.22,8.400000000000002,128.1,436.09999999999997,0.576666666666668,0,0
2024-04-06,32.0,23.6,15.3,10.0,4.15,8.399999999999999,142.0,431.0,0.3966666666666647,0,0
2024-04-07,31.1,24.0,0.5,7.7,3.66,7.100000000000001,121.6,423.7,-0.46333333333333115,0,0
2024-04-08,31.9,24.0,48.6,11.2,3.72,7.899999999999999,154.9,464.6,0.19666666666666544,0,1
2024-04-09,27.1,24.0,13.0,8.3,1.59,3.1000000000000014,154.3,476.0,-4.526666666666667,0,0
2024-04-10,29.6,23.5,11.5,9.7,2.93,6.100000000000001,141.60000000000002,485.29999999999995,-1.913333333333334,0,0
2024-04-11,32.5,24.2,0.6,8.9,4.23,8.3,115.1,453.09999999999997,1.009999999999998,0,0
2024-04-12,33.3,23.6,18.8,10.2,4.99,9.699999999999996,108.30000000000001,457.1,1.7033333333333296,0,0
2024-04-13,30.9,23.4,18.6,8.3,4.1,7.5,111.60000000000001,471.3,-0.6333333333333364,0,0
2024-04-14,32.3,23.4,22.3,9.2,4.12,8.899999999999999,133.4,493.29999999999995,0.7966666666666669,0,0
2024-04-15,30.0,24.1,3.7,5.4,3.46,5.899999999999999,88.5,496.6,-1.4166666666666679,0,0
2024-04-16,32.2,23.8,19.6,8.4,4.53,8.400000000000002,95.10000000000001,503.7,0.7900000000000027,0,0
2024-04-17,32.0,23.3,47.3,7.3,3.88,8.7,130.9,527.7,0.5599999999999987,0,1
2024-04-18,30.5,23.9,2.1,8.9,3.25,6.600000000000001,132.4,524.5,-0.9033333333333324,0,0
2024-04-19,32.8,24.4,11.1,9.1,4.38,8.399999999999999,124.7,501.2,1.389999999999997,0,0
2024-04-20,30.9,23.9,22.4,9.4,3.02,7.0,128.5,474.1,-0.5433333333333366,0,0
2024-04-21,30.0,24.0,12.8,8.2,2.76,6.0,119.0,478.4,-1.4333333333333336,0,0
2024-04-22,31.3,24.1,6.7,6.7,3.58,7.199999999999999,122.0,477.8,-0.12666666666666515,0,0
2024-04-23,32.8,23.8,15.9,10.3,4.27,8.999999999999996,118.3,470.2,1.379999999999999,0,0
2024-04-24,30.1,24.1,27.7,7.2,3.09,6.0,98.7,493.0,-1.259999999999998,0,1
2024-04-25,33.1,24.4,13.0,10.9,4.62,8.700000000000003,109.60000000000001,495.3,1.7300000000000004,0,0
2024-04-26,32.7,24.4,11.4,8.7,3.93,8.300000000000004,109.89999999999999,486.3,1.2333333333333378,0,0
2024-04-27,33.0,24.4,2.2,9.9,4.43,8.600000000000001,89.7,475.3,1.4466666666666654,0,0
2024-04-28,32.5,23.7,35.0,9.9,4.23,8.8,111.9,508.2,0.9266666666666659,0,1
2024-04-29,32.0,24.1,11.6,7.9,3.89,7.899999999999999,116.8,518.4,0.4599999999999973,0,0
2024-04-30,33.2,24.5,7.4,10.7,4.69,8.700000000000003,108.3,504.90000000000003,1.5900000000000034,0,0
2024-05-01,32.3,24.4,32.8,7.2,3.98,7.899999999999999,113.39999999999999,522.4,0.596666666666664,0,1
2024-05-02,32.0,24.0,20.1,7.6,3.15,8.0,120.5,528.9,0.259999999999998,0,0
2024-05-03,27.3,24.4,8.0,6.4,1.62,2.900000000000002,117.1,512.7,-4.246666666666666,0,0
2024-05-04,32.2,23.7,15.8,9.2,3.77,8.500000000000004,130.7,501.4,0.6733333333333356,0,0
2024-05-05,29.8,23.9,3.8,9.0,2.4,5.900000000000002,99.5,479.6,-1.6466666666666647,0,0
2024-05-06,31.8,24.5,2.8,8.2,4.01,7.300000000000001,90.7,467.1,0.35999999999999943,0,0
2024-05-07,31.9,23.9,12.0,7.9,4.39,8.0,95.3,478.6,0.43333333333333357,0,0
2024-05-08,28.4,23.9,13.5,10.0,2.21,4.5,76.0,443.5,-2.950000000000003,0,0
2024-05-09,31.1,23.6,13.4,9.4,3.35,7.5,69.3,443.9,-0.38333333333333286,0,0
2024-05-10,32.4,23.9,23.1,7.7,4.37,8.5,84.4,455.5,0.8233333333333341,0,0
2024-05-11,31.4,23.3,16.1,9.2,3.29,8.099999999999998,84.7,471.0,-0.14000000000000057,0,0
2024-05-12,28.8,23.6,32.1,8.5,2.42,5.199999999999999,113.00000000000001,484.3,-2.59,0,1
2024-05-13,30.8,23.5,37.2,8.7,3.36,7.300000000000001,147.4,502.9,-0.586666666666666,0,1
2024-05-14,29.0,23.6,41.1,9.8,3.03,5.399999999999999,176.5,521.7,-2.2766666666666637,0,1
2024-05-15,32.1,24.9,0.6,8.0,3.9,7.200000000000003,163.6,518.6,0.7533333333333339,0,0
2024-05-16,32.2,24.2,14.7,10.5,4.24,8.000000000000004,164.9,513.7,0.8533333333333353,0,0
2024-05-17,31.5,23.8,12.1,8.0,3.66,7.699999999999999,153.9,478.5,0.1700000000000017,0,0
2024-05-18,29.4,23.5,18.2,5.9,2.82,5.899999999999999,156.0,494.59999999999997,-1.893333333333338,0,0
2024-05-19,31.0,24.0,16.0,9.5,3.64,7.0,139.9,499.5,-0.23333333333333428,0,0
2024-05-20,30.9,23.9,27.5,7.2,3.25,7.0,130.2,504.59999999999997,-0.3333333333333357,0,0
2024-05-21,29.5,23.9,36.4,7.3,2.99,5.600000000000001,125.5,528.2,-1.716666666666665,0,1
2024-05-22,30.6,23.7,23.5,8.6,2.38,6.900000000000002,148.39999999999998,545.0,-0.5933333333333337,0,0
2024-05-23,30.9,23.5,16.4,9.3,2.93,7.399999999999999,150.1,545.5,-0.23000000000000043,0,0
2024-05-24,31.5,24.2,14.4,10.6,3.97,7.300000000000001,152.4,532.1999999999999,0.3233333333333306,0,0
2024-05-25,32.0,23.4,29.3,6.3,3.89,8.600000000000001,163.5,548.5,0.8599999999999994,0,1
2024-05-26,31.6,23.8,11.1,11.0,3.88,7.800000000000001,158.6,548.1999999999999,0.49666666666666615,0,0
2024-05-27,31.4,24.6,12.1,8.6,2.96,6.799999999999997,143.2,558.1,0.34999999999999787,0,0
2024-05-28,30.2,24.5,12.7,6.6,3.0,5.699999999999999,119.5,535.8000000000001,-0.7733333333333334,0,0
2024-05-29,31.4,23.5,4.4,11.6,3.7,7.899999999999999,100.4,528.6,0.44666666666666544,0,0
2024-05-30,31.4,23.8,32.9,8.3,2.99,7.599999999999998,116.89999999999999,554.1,0.5066666666666642,0,1
2024-05-31,31.6,23.9,0.0,9.6,3.43,7.700000000000003,102.5,521.3,0.7300000000000004,0,0
2024-06-01,32.0,23.6,6.0,10.7,3.57,8.399999999999999,79.19999999999999,507.2,1.129999999999999,0,0
2024-06-02,30.1,23.5,23.9,7.7,2.81,6.600000000000001,92.0,523.1,-0.8633333333333297,0,0
2024-06-03,31.3,23.6,13.5,11.2,3.33,7.699999999999999,93.4,520.8,0.36666666666666714,0,0
2024-06-04,30.6,23.3,1.6,7.4,3.58,7.300000000000001,82.3,518.6,-0.35999999999999943,0,0
2024-06-05,31.5,23.4,17.9,11.3,4.0,8.100000000000001,95.79999999999998,533.6999999999999,0.5500000000000007,0,0
2024-06-06,30.5,23.7,16.5,9.2,3.28,6.800000000000001,79.4,538.1999999999999,-0.40333333333333243,0,0
2024-06-07,28.4,23.5,3.7,7.2,2.42,4.899999999999999,83.1,528.4,-2.503333333333334,0,0
2024-06-08,30.6,24.0,7.2,9.2,3.34,6.600000000000001,84.3,522.2,-0.2866666666666653,0,0
2024-06-09,32.0,24.1,6.5,10.5,3.74,7.899999999999999,66.9,505.59999999999997,1.1266666666666652,0,0
2024-06-10,29.2,22.9,17.8,6.3,2.89,6.300000000000001,71.2,507.3,-1.6000000000000014,0,0
2024-06-11,31.8,23.1,21.7,6.4,3.86,8.7,91.30000000000001,496.9,0.9000000000000021,0,0
2024-06-12,29.7,23.2,44.7,6.4,3.31,6.5,118.10000000000001,504.4,-1.163333333333334,0,1
2024-06-13,26.1,23.1,26.3,10.2,1.29,3.0,127.9,489.59999999999997,-4.666666666666664,0,0
2024-06-14,30.4,23.9,0.4,7.6,3.67,6.5,124.60000000000001,489.4,-0.3099999999999987,0,0
2024-06-15,31.9,22.9,1.0,9.4,4.12,9.0,118.4,475.7,1.1999999999999993,0,0
2024-06-16,31.8,23.9,0.2,8.7,4.27,7.900000000000002,112.10000000000001,463.8,1.0899999999999999,0,0
2024-06-17,32.0,24.0,4.5,8.0,4.17,8.0,98.80000000000001,450.1,1.2033333333333331,0,0
2024-06-18,29.8,23.4,28.9,8.6,3.03,6.400000000000002,106.0,463.0,-0.9566666666666634,0,1
2024-06-19,26.3,24.0,9.0,7.1,1.53,2.3000000000000007,70.3,444.5,-4.303333333333335,0,0
2024-06-20,31.0,23.1,0.6,8.4,3.84,7.899999999999999,44.6,408.70000000000005,0.34666666666666757,0,0
2024-06-21,29.2,23.0,3.3,7.5,3.0,6.199999999999999,47.49999999999999,388.5,-1.4066666666666663,0,0
2024-06-22,30.8,23.4,4.9,9.0,3.96,7.400000000000002,51.39999999999999,377.0,0.19666666666666544,0,0
2024-06-23,27.7,22.9,1.9,6.1,2.27,4.800000000000001,53.1,364.5,-2.7766666666666673,0,0
2024-06-24,27.9,24.2,1.9,6.5,1.65,3.6999999999999993,50.5,337.1,-2.4399999999999977,0,0
2024-06-25,30.9,22.9,10.9,8.6,3.52,8.0,32.5,336.9,0.5833333333333321,1,0
2024-06-26,31.0,23.0,14.3,11.3,3.99,8.0,37.8,339.1,0.6966666666666654,1,0
2024-06-27,31.5,22.1,17.4,8.2,4.08,9.399999999999999,54.599999999999994,343.79999999999995,1.1533333333333289,0,0
2024-06-28,31.0,22.9,12.1,12.0,3.66,8.100000000000001,63.4,351.5,0.6666666666666679,0,0
2024-06-29,29.9,22.9,15.6,8.1,3.18,7.0,74.1,334.2,-0.3833333333333364,0,0
2024-06-30,30.0,23.5,10.0,9.3,2.97,6.5,82.19999999999999,344.2,-0.23000000000000043,0,0
2024-07-01,30.2,23.1,28.5,11.4,3.1,7.099999999999998,108.80000000000001,366.7,0.030000000000001137,0,1
2024-07-02,27.4,23.1,10.6,7.4,2.21,4.299999999999997,108.5,353.4,-2.6800000000000033,0,0
2024-07-03,29.2,22.1,1.5,7.9,2.92,7.099999999999998,95.7,341.4,-0.8099999999999987,0,0
2024-07-04,30.2,23.0,17.6,8.9,3.13,7.199999999999999,95.9,357.40000000000003,0.20333333333333314,0,0
2024-07-05,30.2,22.4,53.1,9.7,3.38,7.800000000000001,136.9,392.59999999999997,0.2466666666666697,0,1
2024-07-06,28.6,22.8,13.4,8.9,2.62,5.800000000000001,134.70000000000002,389.5,-1.2899999999999956,0,0
2024-07-07,28.0,22.8,12.8,8.8,2.29,5.199999999999999,137.5,398.59999999999997,-1.8766666666666652,0,0
2024-07-08,29.4,23.5,0.0,8.9,3.09,5.899999999999999,109.00000000000001,391.4,-0.43666666666666387,0,0
2024-07-09,30.6,20.8,0.2,7.8,3.08,9.8,98.60000000000001,385.1,0.8100000000000023,0,0
2024-07-10,30.6,22.2,4.6,11.5,3.74,8.400000000000002,101.7,371.9,0.7633333333333354,0,0
2024-07-11,28.9,22.6,1.2,6.6,2.9,6.299999999999997,85.3,351.4,-0.8399999999999999,0,0
2024-07-12,30.3,22.5,0.5,9.0,4.17,7.800000000000001,32.7,307.2,0.5400000000000027,1,0
2024-07-13,30.2,22.6,0.5,9.3,3.89,7.599999999999998,19.8,281.4,0.30333333333333456,1,0
2024-07-14,30.5,22.9,0.0,9.5,3.88,7.600000000000001,7.0,281.0,0.6000000000000014,1,0
2024-07-15,31.7,23.6,4.2,9.8,4.17,8.099999999999998,11.2,284.20000000000005,1.8066666666666649,1,0
2024-07-16,30.0,24.1,2.5,12.6,2.67,5.899999999999999,13.5,286.5,0.16666666666666785,1,0
2024-07-17,31.5,22.9,7.0,10.2,4.14,8.600000000000001,15.899999999999999,289.0,1.6833333333333336,1,0
2024-07-18,29.1,23.5,14.8,6.6,2.89,5.600000000000001,29.5,274.9,-0.6933333333333316,1,0
2024-07-19,31.0,23.2,0.5,9.4,3.98,7.800000000000001,29.5,266.4,1.0500000000000007,1,0
2024-07-20,31.4,23.1,0.0,11.7,3.79,8.299999999999997,29.0,265.79999999999995,1.4366666666666674,1,0
2024-07-21,30.8,24.1,0.3,7.8,3.31,6.699999999999999,29.3,262.8,0.783333333333335,1,0
2024-07-22,31.7,24.0,1.0,9.8,4.04,7.699999999999999,26.1,258.9,1.6533333333333324,1,0
2024-07-23,31.9,24.2,0.1,9.9,3.64,7.699999999999999,23.7,257.1,1.7133333333333312,1,0
2024-07-24,30.8,23.6,0.8,8.0,3.78,7.199999999999999,17.5,256.0,0.5166666666666657,1,0
2024-07-25,31.9,23.4,0.8,10.5,4.24,8.5,3.5,245.9,1.5833333333333357,1,0
2024-07-26,32.7,23.4,0.2,10.8,4.49,9.300000000000004,3.2,231.79999999999998,2.3266666666666715,1,0
2024-07-27,32.5,23.9,0.0,8.6,4.55,8.600000000000001,3.2,214.4,2.0933333333333373,1,0
2024-07-28,33.2,23.6,0.9,11.8,4.53,9.600000000000001,3.8000000000000003,203.2,2.7200000000000024,1,0
2024-07-29,31.3,22.6,9.4,8.6,3.53,8.7,12.2,197.0,0.773333333333337,1,0
2024-07-30,29.2,22.8,26.4,7.4,2.95,6.399999999999999,38.5,213.4,-1.3000000000000007,1,0
2024-07-31,30.6,23.1,6.9,8.2,3.18,7.5,44.6,191.8,0.086666666666666,0,0
2024-08-01,31.6,22.6,21.8,8.5,3.83,9.0,65.6,203.0,0.9466666666666725,0,0
2024-08-02,28.9,22.9,1.7,10.4,2.49,6.0,67.1,203.20000000000002,-1.7433333333333358,0,0
2024-08-03,30.8,23.2,0.4,8.1,3.85,7.600000000000001,67.5,186.0,0.13666666666666671,0,0
2024-08-04,31.4,23.0,0.1,10.1,4.32,8.399999999999999,66.7,133.0,0.6966666666666654,0,0
2024-08-05,30.6,23.0,0.3,10.7,4.1,7.600000000000001,57.6,119.9,-0.16999999999999815,0,0
2024-08-06,30.3,22.8,3.2,10.6,3.02,7.5,34.400000000000006,110.3,-0.5466666666666669,1,0
2024-08-07,27.6,23.4,6.3,6.6,2.51,4.200000000000003,33.800000000000004,116.6,-3.1866666666666674,1,0
2024-08-08,30.8,22.9,2.4,7.9,3.57,7.900000000000002,14.4,118.8,0.006666666666664156,1,0
2024-08-09,30.4,24.2,2.9,7.9,3.56,6.199999999999999,15.600000000000001,117.10000000000001,-0.38666666666667027,1,0
2024-08-10,30.8,23.1,0.2,8.4,3.93,7.699999999999999,15.4,116.1,-0.05000000000000071,1,0
2024-08-11,31.0,23.8,1.4,14.4,3.6,7.199999999999999,16.7,117.0,0.12666666666666515,1,0
2024-08-12,30.7,23.4,3.2,8.9,3.58,7.300000000000001,19.6,119.7,-0.19000000000000128,1,0
2024-08-13,30.0,23.4,3.6,6.6,3.1,6.600000000000001,20.0,123.3,-0.8733333333333348,1,0
2024-08-14,30.9,24.1,0.7,10.3,3.98,6.799999999999997,14.4,119.8,0.05333333333333101,1,0
2024-08-15,31.2,24.0,2.5,10.7,3.51,7.199999999999999,14.5,119.8,0.3133333333333326,1,0
2024-08-16,30.4,23.3,6.8,10.5,3.8,7.099999999999998,18.4,119.6,-0.45000000000000284,1,0
2024-08-17,30.1,22.9,6.2,9.2,3.48,7.200000000000003,24.400000000000002,111.0,-0.783333333333335,1,0
2024-08-18,29.6,22.6,5.4,8.5,3.31,7.0,28.4,115.9,-1.236666666666661,1,0
2024-08-19,30.5,22.8,14.2,8.8,3.36,7.699999999999999,39.4,130.1,-0.30666666666666487,1,0
2024-08-20,30.8,23.0,28.5,7.3,3.63,7.800000000000001,64.3,158.29999999999998,-0.006666666666667709,0,1
2024-08-21,29.5,23.0,32.1,6.8,3.02,6.5,95.7,189.39999999999998,-1.2333333333333343,0,1
2024-08-22,27.4,22.5,22.4,5.4,2.16,4.899999999999999,115.6,211.7,-3.1833333333333336,0,0
2024-08-23,30.0,22.5,26.6,10.5,3.16,7.5,135.4,237.5,-0.5566666666666684,0,0
2024-08-24,29.7,23.6,4.1,8.7,3.4,6.099999999999998,133.29999999999998,240.8,-0.7833333333333385,0,0
2024-08-25,31.1,23.1,0.0,8.8,4.28,8.0,127.89999999999999,240.60000000000002,0.6700000000000017,0,0
2024-08-26,31.2,23.2,1.4,11.2,3.98,8.0,115.1,242.0,0.8133333333333326,0,0
2024-08-27,29.8,22.9,14.3,9.5,2.9,6.900000000000002,100.89999999999999,255.4,-0.47333333333332916,0,0
2024-08-28,28.5,22.6,18.1,7.8,2.42,5.899999999999999,86.9,264.1,-1.6799999999999997,0,0
2024-08-29,28.0,22.8,19.5,8.5,2.51,5.199999999999999,84.0,257.2,-2.139999999999997,0,0
2024-08-30,29.1,22.5,10.4,7.0,2.82,6.600000000000001,67.8,260.7,-0.9899999999999949,0,0
2024-08-31,31.8,23.0,8.7,9.9,4.05,8.8,72.4,247.60000000000002,1.7033333333333296,0,0
2024-09-01,31.1,23.4,10.6,9.0,3.4,7.700000000000003,83.0,256.5,0.9300000000000033,0,0
2024-09-02,31.3,23.8,0.7,8.6,3.88,7.5,82.30000000000001,256.8,1.1133333333333333,0,0
2024-09-03,31.9,24.0,0.0,11.4,4.11,7.899999999999999,68.0,256.7,1.6966666666666654,0,0
2024-09-04,32.0,23.5,15.3,8.3,3.97,8.5,65.2,271.7,1.75,0,0
2024-09-05,28.5,23.2,7.1,7.9,2.22,5.300000000000001,52.800000000000004,275.59999999999997,-1.6900000000000013,0,0
2024-09-06,30.5,23.0,0.3,8.9,3.12,7.5,42.699999999999996,269.59999999999997,0.21333333333333115,0,0
2024-09-07,31.9,24.0,3.0,8.2,3.94,7.899999999999999,37.0,270.2,1.576666666666668,1,0
2024-09-08,31.9,23.2,14.9,10.1,3.7,8.7,41.3,282.20000000000005,1.5266666666666673,1,0
2024-09-09,29.9,23.0,19.2,10.1,3.06,6.899999999999999,59.8,301.2,-0.4433333333333387,0,0
2024-09-10,31.9,22.6,3.3,10.7,4.01,9.299999999999997,63.099999999999994,303.1,1.5266666666666637,0,0
2024-09-11,32.3,22.5,0.0,9.1,4.6,9.799999999999997,47.8,299.90000000000003,1.8733333333333313,0,0
2024-09-12,31.9,22.7,0.0,11.0,4.84,9.2,40.699999999999996,296.3,1.4100000000000001,1,0
2024-09-13,31.9,23.1,0.1,10.5,4.65,8.799999999999997,40.5,295.7,1.3766666666666652,1,0
2024-09-14,31.5,22.0,0.0,10.1,4.48,9.5,37.5,293.2,0.966666666666665,1,0
2024-09-15,31.9,22.8,0.0,8.4,4.74,9.099999999999998,22.599999999999998,286.4,1.3166666666666664,1,0
2024-09-16,32.8,23.1,0.0,9.6,4.81,9.699999999999996,3.4,280.2,2.126666666666665,1,0
2024-09-17,34.0,23.8,0.0,12.8,4.95,10.2,0.1,274.8,3.1799999999999997,1,0
2024-09-18,32.4,22.8,0.2,11.2,4.4,9.599999999999998,0.30000000000000004,260.79999999999995,1.5166666666666657,1,0
2024-09-19,33.8,23.6,0.0,9.5,4.96,10.199999999999996,0.30000000000000004,232.3,2.816666666666663,1,0
2024-09-20,34.4,24.4,0.0,9.5,4.77,10.0,0.2,200.2,3.253333333333334,1,0
2024-09-21,34.1,24.0,1.5,11.3,4.04,10.100000000000001,1.7,179.3,2.7300000000000004,1,0
2024-09-22,32.8,23.2,19.3,11.9,3.84,9.599999999999998,21.0,172.0,1.336666666666666,1,0
2024-09-23,31.0,23.2,2.7,6.7,3.08,7.800000000000001,23.7,170.6,-0.5066666666666642,1,0
2024-09-24,33.3,23.0,34.9,14.5,4.68,10.299999999999997,58.599999999999994,205.5,1.7199999999999989,0,1
2024-09-25,28.6,21.9,5.7,9.0,2.17,6.700000000000003,64.1,209.8,-2.893333333333331,0,0
2024-09-26,32.6,23.4,9.0,7.7,4.47,9.200000000000003,73.1,204.5,1.0133333333333354,0,0
2024-09-27,30.8,23.0,13.7,7.0,3.25,7.800000000000001,86.8,200.10000000000002,-0.8633333333333333,0,0
2024-09-28,32.7,23.1,14.0,10.4,4.45,9.600000000000001,99.3,194.60000000000002,0.8800000000000026,0,0
2024-09-29,31.5,22.8,8.0,8.6,3.47,8.7,88.0,192.2,-0.3999999999999986,0,0
2024-09-30,30.3,23.0,9.7,7.7,3.17,7.300000000000001,95.0,193.2,-1.5499999999999972,0,0
2024-10-01,31.7,22.8,8.8,9.1,3.82,8.899999999999999,68.9,191.39999999999998,-0.1700000000000017,0,0
2024-10-02,31.5,23.0,10.3,9.0,3.2,8.5,73.5,201.0,-0.37666666666666515,0,0
2024-10-03,31.6,23.0,24.8,7.4,3.5,8.600000000000001,89.3,225.8,-0.2666666666666657,0,0
2024-10-04,31.0,22.6,24.8,12.9,3.16,8.399999999999999,100.39999999999999,235.29999999999998,-0.8333333333333321,0,0
2024-10-05,31.4,22.9,0.9,11.5,4.11,8.5,87.30000000000001,229.1,-0.5300000000000011,0,0
2024-10-06,31.8,23.2,11.6,8.6,3.85,8.600000000000001,90.9,240.39999999999998,-0.173333333333332,0,0
2024-10-07,30.4,22.8,30.5,10.4,3.01,7.599999999999998,111.7,267.9,-1.523333333333337,0,1
2024-10-08,31.4,23.9,0.5,9.8,3.88,7.5,103.4,253.5,-0.5066666666666713,0,0
2024-10-09,32.0,23.7,5.7,10.9,3.72,8.3,98.8,240.0,0.023333333333333428,0,0
2024-10-10,31.0,23.3,9.2,7.9,3.23,7.699999999999999,83.2,245.9,-0.9466666666666654,0,0
2024-10-11,32.2,23.4,17.7,14.9,3.9,8.800000000000004,76.1,263.6,0.25666666666667126,0,0
2024-10-12,32.0,23.5,4.9,12.2,3.4,8.5,80.1,268.5,0.053333333333334565,0,0
2024-10-13,31.0,23.0,26.1,9.1,3.31,8.0,94.6,294.5,-0.9166666666666679,0,0
2024-10-14,30.9,22.9,9.8,9.4,3.18,8.0,73.9,304.3,-0.9966666666666697,0,0
2024-10-15,30.3,23.0,12.2,7.0,2.97,7.300000000000001,85.6,316.5,-1.5433333333333294,0,0
2024-10-16,31.9,22.8,28.4,9.5,4.24,9.099999999999998,108.3,344.9,0.086666666666666,0,1
2024-10-17,29.2,23.0,27.3,5.8,2.34,6.199999999999999,126.39999999999999,372.2,-2.453333333333333,0,0
2024-10-18,30.9,22.5,77.5,8.8,3.37,8.399999999999999,186.2,449.5,-0.7033333333333367,0,1
2024-10-19,29.4,23.5,1.0,6.4,2.33,5.899999999999999,182.29999999999998,450.5,-2.056666666666665,0,0
2024-10-20,31.0,22.4,18.3,11.9,3.08,8.600000000000001,174.5,468.8,-0.34333333333333016,0,0
2024-10-21,28.5,22.5,0.3,7.9,2.01,6.0,165.0,467.6,-2.6566666666666627,0,0
2024-10-22,31.4,24.4,0.1,9.6,2.97,7.0,152.89999999999998,448.4,0.28999999999999915,0,0
2024-10-23,33.6,22.8,3.4,11.6,4.49,10.8,127.89999999999999,449.1,2.403333333333336,0,0
2024-10-24,33.4,23.1,0.8,10.5,4.61,10.299999999999997,101.4,415.0,2.1999999999999993,0,0
2024-10-25,33.0,23.4,0.3,10.7,4.41,9.600000000000001,24.2,409.59999999999997,1.6533333333333324,1,0
2024-10-26,32.7,23.5,0.5,10.1,4.72,9.200000000000003,23.7,401.09999999999997,1.3500000000000014,1,0
2024-10-27,33.7,24.6,0.0,10.0,5.05,9.100000000000001,5.4,387.4,2.253333333333334,1,0
2024-10-28,33.5,23.8,8.3,9.9,4.91,9.7,13.400000000000002,381.7,2.0266666666666637,1,0
2024-10-29,32.9,23.8,0.4,10.1,4.52,9.099999999999998,13.700000000000003,374.09999999999997,1.379999999999999,1,0
2024-10-30,33.0,22.5,18.1,11.9,4.16,10.5,28.400000000000006,382.5,1.389999999999997,1,0
2024-10-31,31.2,23.1,6.1,7.7,2.93,8.099999999999998,33.7,379.8,-0.39333333333333087,1,0
2024-11-01,33.3,23.1,25.5,10.9,4.48,10.199999999999996,58.900000000000006,395.0,1.6466666666666647,0,0
2024-11-02,29.4,22.7,10.5,9.7,2.42,6.699999999999999,68.9,380.70000000000005,-2.1799999999999997,0,0
2024-11-03,30.4,23.0,27.1,8.3,3.22,7.399999999999999,96.0,383.0,-1.1600000000000001,0,0
2024-11-04,30.4,23.2,9.2,6.9,3.69,7.199999999999999,96.9,391.29999999999995,-1.1266666666666652,0,0
2024-11-05,32.3,22.9,23.2,10.3,4.36,9.399999999999999,119.7,402.90000000000003,0.7566666666666606,0,0
2024-11-06,26.5,22.5,8.0,7.4,1.62,4.0,109.6,380.40000000000003,-4.913333333333334,0,0
2024-11-07,31.4,22.5,1.8,9.2,4.23,8.899999999999999,105.3,381.7,-0.013333333333335418,0,0
2024-11-08,33.2,23.2,32.1,7.8,4.75,10.000000000000004,111.9,408.1,1.7466666666666733,0,1
2024-11-09,30.9,23.0,9.8,7.1,3.35,7.899999999999999,111.2,408.7,-0.5500000000000007,0,0
2024-11-10,32.5,23.4,16.8,8.8,4.11,9.100000000000001,100.89999999999999,407.8,1.0399999999999991,0,0
2024-11-11,30.0,23.4,7.3,7.2,3.11,6.600000000000001,99.0,410.2,-1.3933333333333344,0,0
2024-11-12,30.8,23.1,27.1,8.1,3.79,7.699999999999999,102.9,411.2,-0.586666666666666,0,0
2024-11-13,31.5,23.0,22.2,10.0,3.99,8.5,117.1,423.59999999999997,0.09333333333333727,0,0
2024-11-14,31.1,23.0,13.1,9.5,3.67,8.100000000000001,128.4,424.5,-0.33333333333333215,0,0
2024-11-15,32.0,23.8,11.3,8.2,4.18,8.2,107.60000000000001,407.40000000000003,0.5633333333333326,0,0
2024-11-16,30.4,22.9,32.3,8.5,3.17,7.5,130.1,412.4,-1.076666666666668,0,1
2024-11-17,29.8,23.0,6.8,13.2,2.98,6.800000000000001,120.1,341.7,-1.6400000000000006,0,0
2024-11-18,30.1,23.1,20.4,12.8,3.39,7.0,133.2,361.1,-1.3633333333333297,0,0
2024-11-19,31.0,23.2,30.4,7.4,3.37,7.800000000000001,136.5,373.2,-0.46333333333333115,0,1
2024-11-20,31.4,23.0,15.2,7.2,3.74,8.399999999999999,129.5,388.09999999999997,-0.16000000000000014,0,0
2024-11-21,30.2,23.2,22.4,9.8,3.1,7.0,138.79999999999998,410.4,-1.3200000000000003,0,0
2024-11-22,30.0,23.2,26.2,9.2,3.35,6.800000000000001,153.7,433.2,-1.3999999999999986,0,0
2024-11-23,30.8,23.6,21.9,7.9,3.54,7.199999999999999,143.29999999999998,454.3,-0.5133333333333354,0,0
2024-11-24,31.0,23.5,26.5,9.1,3.67,7.5,162.99999999999997,480.5,-0.2466666666666697,0,0
2024-11-25,30.0,23.8,9.3,6.8,3.07,6.199999999999999,151.9,489.3,-1.1566666666666698,0,0
2024-11-26,32.2,23.4,25.4,9.8,4.15,8.800000000000004,146.9,514.7,1.0933333333333373,0,0
2024-11-27,30.0,23.4,27.9,7.6,2.88,6.600000000000001,159.59999999999997,534.3,-0.9899999999999984,0,1
2024-11-28,30.5,23.4,27.6,9.5,2.94,7.100000000000001,164.8,561.5,-0.41000000000000014,0,0
2024-11-29,31.1,23.5,10.1,13.8,3.53,7.600000000000001,148.7,553.5,0.25333333333333385,0,0
2024-11-30,31.7,23.5,19.9,13.5,3.72,8.2,146.7,567.3,0.8366666666666625,0,0
2024-12-01,31.5,23.2,23.4,11.7,3.45,8.3,143.6,565.1999999999999,0.6966666666666654,0,0
2024-12-02,31.4,23.8,6.3,11.2,4.32,7.599999999999998,140.60000000000002,561.0,0.5299999999999976,0,0
2024-12-03,30.3,23.5,13.5,10.5,2.99,6.800000000000001,128.70000000000002,547.4,-0.5666666666666664,0,0
2024-12-04,29.1,23.8,4.7,12.0,2.35,5.300000000000001,105.5,542.9,-1.7233333333333327,0,0
2024-12-05,27.7,23.8,29.6,8.8,1.81,3.8999999999999986,107.5,549.3,-2.9700000000000024,0,1
2024-12-06,31.8,23.3,1.0,11.4,4.24,8.5,98.4,542.3,0.9533333333333331,0,0
2024-12-07,32.8,24.0,2.9,10.5,4.13,8.799999999999997,81.39999999999999,543.4,1.9066666666666663,0,0
2024-12-08,32.4,23.9,18.4,13.9,4.71,8.5,76.4,529.7,1.5333333333333314,0,0
2024-12-09,30.4,23.9,14.7,10.8,3.55,6.5,84.8,534.6,-0.45000000000000284,0,0
2024-12-10,31.9,24.0,2.4,12.4,3.48,7.899999999999999,73.7,520.1999999999999,1.0700000000000003,0,0
2024-12-11,28.6,24.7,15.0,13.0,2.07,3.900000000000002,84.0,527.9,-2.1833333333333336,0,0
2024-12-12,31.0,23.5,14.2,8.6,3.57,7.5,68.6,515.0,0.2099999999999973,0,0
2024-12-13,31.1,24.4,0.2,8.4,3.83,6.700000000000003,67.8,493.0,0.3233333333333377,0,0
2024-12-14,33.2,24.1,1.7,14.4,4.54,9.100000000000001,66.6,481.59999999999997,2.3533333333333353,0,0
2024-12-15,30.1,23.4,7.9,8.7,2.48,6.700000000000003,56.1,478.2,-0.6833333333333336,0,0
2024-12-16,30.4,23.6,0.7,5.0,3.12,6.799999999999997,42.1,446.6,-0.3833333333333364,0,0
2024-12-17,30.5,24.5,9.8,8.4,3.2,6.0,49.5,449.6,-0.3066666666666684,0,0
2024-12-18,32.3,23.8,5.6,14.2,3.98,8.499999999999996,40.099999999999994,434.79999999999995,1.4199999999999946,1,0
2024-12-19,31.2,23.7,4.9,16.0,3.88,7.5,30.800000000000004,409.3,0.3133333333333326,1,0
2024-12-20,32.2,23.2,5.7,14.8,4.47,9.000000000000004,36.3,399.8,1.2866666666666653,1,0
2024-12-21,31.7,23.5,10.2,15.5,4.16,8.2,44.800000000000004,387.59999999999997,0.7366666666666681,0,0
2024-12-22,32.2,23.2,17.1,15.1,4.0,9.000000000000004,54.0,378.5,1.163333333333334,0,0
2024-12-23,31.2,23.3,23.7,10.7,3.86,7.899999999999999,77.0,380.3,0.14999999999999858,0,0
2024-12-24,29.0,23.4,13.5,10.6,2.22,5.600000000000001,80.7,367.3,-1.9833333333333343,0,0
2024-12-25,29.5,24.1,1.3,7.0,2.65,5.399999999999999,76.39999999999999,359.3,-1.466666666666665,0,0
2024-12-26,30.5,23.8,20.1,6.5,2.75,6.699999999999999,91.60000000000001,354.0,-0.4100000000000037,0,0
2024-12-27,30.7,23.9,1.4,9.7,3.44,6.800000000000001,87.30000000000001,327.5,-0.23333333333333428,0,0
2024-12-28,32.8,23.9,5.6,13.0,4.85,8.899999999999999,82.7,305.5,1.7899999999999956,0,0
2024-12-29,33.0,23.5,2.9,16.8,4.71,9.5,68.5,298.3,1.9266666666666659,0,0
2024-12-30,30.6,23.7,15.8,12.3,3.12,6.900000000000002,60.60000000000001,294.2,-0.43666666666666387,0,0
2024-12-31,31.3,23.6,22.6,10.5,3.64,7.699999999999999,69.70000000000002,293.4,0.2700000000000031,0,0
2025-01-01,30.7,23.8,10.8,10.0,3.23,6.899999999999999,79.20000000000002,297.90000000000003,-0.30666666666666487,0,0
2025-01-02,30.6,23.8,20.1,7.6,3.36,6.800000000000001,79.2,304.50000000000006,-0.4166666666666643,0,0
2025-01-03,31.4,23.4,11.4,11.1,3.99,8.0,89.2,311.2,0.3066666666666684,0,0
2025-01-04,30.5,22.9,14.1,11.6,3.45,7.600000000000001,97.7,295.70000000000005,-0.6866666666666639,0,0
2025-01-05,31.9,22.5,11.6,13.6,4.32,9.399999999999999,106.4,306.3,0.7099999999999973,0,0
2025-01-06,32.3,23.9,13.3,9.6,4.8,8.399999999999999,103.9,316.7,1.1266666666666616,0,0
2025-01-07,31.1,23.7,2.8,9.7,3.78,7.400000000000002,84.10000000000001,301.1,-0.029999999999997584,0,0
2025-01-08,32.0,23.8,21.3,11.6,3.93,8.2,94.6,307.70000000000005,0.8166666666666664,0,0
2025-01-09,30.8,23.4,20.9,7.8,3.99,7.400000000000002,95.4,326.2,-0.346666666666664,0,0
2025-01-10,31.0,23.3,11.1,11.5,3.63,7.699999999999999,95.1,322.3,-0.22666666666666657,0,0
2025-01-11,31.5,23.4,7.0,9.4,4.16,8.100000000000001,88.0,315.1,0.2566666666666677,0,0
2025-01-12,31.8,23.6,0.5,12.2,4.6,8.2,76.89999999999999,315.40000000000003,0.5333333333333314,0,0
2025-01-13,30.1,23.1,14.9,10.6,3.6,7.0,78.5,328.6,-1.0633333333333326,0,0
2025-01-14,29.8,23.5,5.2,9.1,3.09,6.300000000000001,80.9,325.9,-1.3533333333333317,0,0
2025-01-15,31.2,23.6,16.2,8.1,3.89,7.599999999999998,75.8,341.4,0.019999999999999574,0,0
2025-01-16,31.9,23.6,4.2,11.7,4.04,8.299999999999997,59.099999999999994,335.8,0.6733333333333285,0,0
2025-01-17,32.3,23.6,8.6,7.8,4.34,8.699999999999996,56.6,338.8,1.0733333333333306,0,0
2025-01-18,31.6,23.3,12.3,9.1,3.92,8.3,61.900000000000006,346.2,0.35999999999999943,0,0
2025-01-19,25.5,23.5,32.0,7.3,1.16,2.0,93.4,372.5,-5.516666666666666,0,1
2025-01-20,30.4,23.1,15.1,10.1,2.93,7.299999999999997,93.6,377.40000000000003,-0.5733333333333377,0,0
2025-01-21,29.4,22.8,4.4,8.9,2.61,6.599999999999998,92.8,364.7,-1.4800000000000004,0,0
2025-01-22,29.8,23.1,17.7,8.4,3.31,6.699999999999999,94.30000000000001,358.7,-1.0333333333333314,0,0
2025-01-23,29.4,23.3,1.9,11.0,3.12,6.099999999999998,92.0,347.1,-1.446666666666669,0,0
2025-01-24,28.7,23.3,1.8,6.5,2.37,5.399999999999999,85.2,347.59999999999997,-2.1199999999999974,0,0
2025-01-25,31.2,23.4,9.1,10.5,4.02,7.800000000000001,82.0,336.6,0.35666666666666913,0,0
2025-01-26,29.8,23.6,2.8,11.9,3.04,6.199999999999999,52.8,338.0,-1.0133333333333319,0,0
2025-01-27,30.9,23.1,5.0,11.7,4.07,7.799999999999997,42.7,337.40000000000003,0.14999999999999858,0,0
2025-01-28,28.6,23.3,8.1,5.6,2.69,5.300000000000001,46.39999999999999,342.59999999999997,-2.0033333333333303,0,0
2025-01-29,30.5,23.3,23.8,14.7,3.15,7.199999999999999,52.5,350.6,-0.10000000000000142,0,0
2025-01-30,28.0,23.0,7.1,6.6,1.84,5.0,57.7,335.1,-2.4899999999999984,0,0
2025-01-31,29.3,23.0,11.8,11.0,2.92,6.300000000000001,67.7,336.1,-1.1433333333333344,0,0
2025-02-01,28.9,23.2,0.5,6.7,2.58,5.699999999999999,59.1,316.5,-1.4866666666666681,0,0
2025-02-02,33.2,23.8,0.0,9.6,5.18,9.400000000000002,56.3,305.1,2.753333333333334,0,0
2025-02-03,32.1,22.9,8.5,11.8,4.12,9.200000000000003,59.8,299.5,1.6000000000000014,0,0
2025-02-04,31.6,24.1,0.7,7.0,4.5,7.5,52.400000000000006,288.6,1.110000000000003,0,0
2025-02-05,32.8,23.2,3.9,20.4,5.11,9.599999999999998,32.5,279.2,2.2933333333333294,1,0
2025-02-06,29.8,23.9,3.8,7.5,2.43,5.900000000000002,29.2,280.2,-0.6633333333333304,1,0
2025-02-07,29.5,23.2,13.8,11.2,2.92,6.300000000000001,31.2,272.7,-0.879999999999999,1,0
2025-02-08,32.3,23.2,11.0,12.4,4.56,9.099999999999998,41.7,262.8,1.8699999999999974,1,0
2025-02-09,31.4,22.9,3.0,16.6,4.02,8.5,44.7,254.7,0.956666666666667,0,0
2025-02-10,32.2,23.6,4.9,10.7,4.6,8.600000000000001,41.1,252.6,1.7333333333333378,1,0
2025-02-11,31.6,23.0,7.6,13.3,3.7,8.600000000000001,48.0,259.7,1.1400000000000041,0,0
2025-02-12,32.0,23.8,1.8,9.4,3.94,8.2,45.9,246.6,1.4766666666666666,0,0
2025-02-13,32.5,23.7,0.2,13.7,4.14,8.8,42.300000000000004,241.60000000000002,1.8866666666666667,0,0
2025-02-14,32.8,23.5,4.3,7.9,4.26,9.299999999999997,32.8,229.7,2.1333333333333293,1,0
2025-02-15,29.0,23.0,13.1,8.0,3.32,6.0,34.9,238.6,-1.5699999999999967,1,0
2025-02-16,30.4,22.5,14.5,9.4,3.18,7.899999999999999,46.4,244.5,-0.10666666666666558,0,0
2025-02-17,28.2,23.0,16.7,5.2,2.38,5.199999999999999,58.2,248.9,-2.1933333333333316,0,0
2025-02-18,30.2,23.0,9.2,9.7,3.68,7.199999999999999,59.8,226.1,-0.3500000000000014,0,0
2025-02-19,31.6,23.3,7.9,9.3,4.41,8.3,65.9,218.9,1.0100000000000051,0,0
2025-02-20,29.8,23.7,0.9,5.4,3.34,6.100000000000001,66.6,215.4,-0.8033333333333346,0,0
2025-02-21,30.5,23.1,8.0,6.1,3.43,7.399999999999999,70.3,205.70000000000002,-0.12666666666666515,0,0
2025-02-22,31.9,23.2,30.0,10.7,4.48,8.7,87.2,233.8,1.1900000000000013,0,1
2025-02-23,27.7,23.2,4.7,8.7,2.1,4.5,77.4,236.7,-2.97666666666667,0,0
2025-02-24,31.5,22.9,3.4,8.7,3.6,8.600000000000001,64.1,231.0,0.8133333333333326,0,0
2025-02-25,32.0,22.5,43.1,11.8,4.72,9.5,98.0,271.3,1.2399999999999984,0,1
2025-02-26,29.8,23.1,7.0,8.9,2.82,6.699999999999999,97.1,273.3,-0.9233333333333356,0,0
2025-02-27,31.1,23.1,10.0,9.1,3.91,8.0,106.2,275.2,0.293333333333333,0,0
2025-02-28,30.5,23.0,17.1,8.9,3.65,7.5,115.30000000000001,268.5,-0.3066666666666684,0,0
2025-03-01,30.7,22.9,10.8,9.7,3.62,7.800000000000001,96.10000000000001,272.2,-0.19666666666666544,0,0
2025-03-02,28.9,23.2,5.1,6.5,2.79,5.699999999999999,96.5,265.5,-1.9833333333333343,0,0
2025-03-03,31.2,22.6,20.5,8.7,3.32,8.599999999999998,113.6,285.5,0.240000000000002,0,0
2025-03-04,26.5,22.5,10.5,10.1,1.74,4.0,81.0,296.0,-4.236666666666665,0,0
2025-03-05,32.0,23.5,24.8,8.0,4.36,8.5,98.8,312.29999999999995,1.2666666666666657,0,0
2025-03-06,31.0,23.4,50.7,12.4,3.43,7.600000000000001,139.5,362.29999999999995,0.28666666666666885,0,1
2025-03-07,26.6,22.8,12.9,10.3,1.52,3.8000000000000007,135.3,371.3,-3.9066666666666627,0,0
2025-03-08,32.5,23.0,5.9,11.1,4.62,9.5,130.4,373.4,1.9033333333333324,0,0
2025-03-09,31.8,23.3,42.2,11.1,3.65,8.5,167.5,401.79999999999995,1.1266666666666687,0,1
2025-03-10,32.4,23.5,1.4,9.3,4.67,8.899999999999999,148.4,392.2,1.7233333333333292,0,0
2025-03-11,28.5,23.0,6.7,13.5,2.03,5.5,144.6,395.9,-2.080000000000002,0,0
2025-03-12,33.3,23.1,25.2,10.7,4.72,10.199999999999996,145.0,416.2,2.68333333333333,0,0
2025-03-13,31.5,23.3,16.7,11.0,3.3,8.2,111.0,425.29999999999995,0.8866666666666667,0,0
2025-03-14,32.3,23.4,34.0,11.1,4.5,8.899999999999999,132.1,457.5,1.6766666666666659,0,1
2025-03-15,31.6,23.6,5.2,12.6,4.14,8.0,131.4,462.5,1.0066666666666713,0,0
2025-03-16,31.6,22.9,4.0,16.4,3.92,8.700000000000003,93.2,462.2,1.0466666666666669,0,0
2025-03-17,30.0,22.6,0.2,11.7,3.05,7.399999999999999,92.0,449.3,-0.586666666666666,0,0
2025-03-18,30.8,23.3,16.6,9.0,3.82,7.5,101.9,451.4,0.1999999999999993,0,0
2025-03-19,31.6,23.5,28.8,8.2,3.71,8.100000000000001,105.5,463.5,0.8866666666666703,0,1
2025-03-20,27.6,22.9,14.5,9.2,2.07,4.700000000000003,103.3,468.79999999999995,-3.0266666666666637,0,0
2025-03-21,30.5,23.5,4.0,10.1,3.57,7.0,73.3,464.9,-0.08999999999999986,0,0
2025-03-22,30.8,23.9,7.4,9.4,3.29,6.900000000000002,75.5,471.40000000000003,0.17666666666666941,0,0
2025-03-23,32.0,23.4,32.6,10.3,4.23,8.600000000000001,104.1,496.0,1.326666666666668,0,1
2025-03-24,31.4,23.2,17.7,9.9,3.77,8.2,121.6,483.70000000000005,0.7433333333333287,0,0
2025-03-25,30.5,23.8,1.0,6.9,3.45,6.699999999999999,106.0,480.0,-0.25,0,0
2025-03-26,32.3,23.8,13.5,8.0,4.15,8.499999999999996,90.7,490.1,1.5233333333333334,0,0
2025-03-27,32.5,23.8,2.4,12.9,4.72,8.7,78.60000000000001,449.4,1.706666666666667,0,0
2025-03-28,32.2,23.5,24.5,12.3,4.19,8.700000000000003,99.10000000000001,466.9,1.326666666666668,0,0
2025-03-29,31.9,24.0,23.4,10.2,4.14,7.899999999999999,115.1,480.29999999999995,1.0,0,0
2025-03-30,31.4,23.5,1.5,8.3,3.23,7.899999999999999,84.0,464.7,0.46999999999999886,0,0
2025-03-31,33.2,23.7,31.1,14.6,4.98,9.500000000000004,97.4,485.0,2.1866666666666674,0,1
2025-04-01,27.3,23.4,11.7,4.2,1.87,3.900000000000002,108.1,491.59999999999997,-3.6599999999999966,0,0
2025-04-02,30.4,22.9,9.3,12.4,3.5,7.5,103.9,480.40000000000003,-0.533333333333335,0,0
2025-04-03,27.9,23.5,15.0,7.5,2.43,4.399999999999999,116.5,484.9,-3.080000000000002,0,0
2025-04-04,31.0,23.0,14.2,10.8,3.69,8.0,106.19999999999999,474.3,0.053333333333334565,0,0
2025-04-05,30.6,22.9,32.2,15.7,3.54,7.700000000000003,115.0,455.8,-0.33333333333333215,0,1
2025-04-06,28.4,22.7,15.3,8.3,2.39,5.699999999999999,128.8,458.2,-2.5933333333333337,0,0
2025-04-07,31.0,23.1,11.5,8.7,4.08,7.899999999999999,109.2,463.8,0.05666666666666842,0,0
2025-04-08,29.8,23.4,23.1,9.4,3.39,6.400000000000002,120.6,444.70000000000005,-1.076666666666668,0,0
2025-04-09,27.5,22.5,2.8,6.9,2.02,5.0,114.1,446.1,-3.213333333333331,0,0
2025-04-10,32.3,23.9,17.2,11.9,4.6,8.399999999999999,116.3,456.6,1.4600000000000009,0,0
2025-04-11,29.1,22.9,28.4,8.8,2.55,6.200000000000003,130.5,459.8,-1.5999999999999979,0,1
2025-04-12,32.2,23.4,18.8,8.9,4.4,8.800000000000004,117.10000000000001,461.90000000000003,1.4766666666666666,0,0
2025-04-13,27.8,23.1,14.8,7.2,2.1,4.699999999999999,116.6,442.7,-2.7733333333333334,0,0
2025-04-14,32.2,23.3,8.2,16.4,4.35,8.900000000000002,113.3,445.7,1.6066666666666656,0,0
2025-04-15,31.6,23.5,7.8,9.5,4.07,8.100000000000001,98.0,449.5,1.0066666666666713,0,0
2025-04-16,32.3,23.5,20.4,10.6,4.58,8.799999999999997,115.60000000000001,469.7,1.6299999999999955,0,0
2025-04-17,28.3,23.0,7.4,8.6,2.17,5.300000000000001,105.8,460.50000000000006,-2.2866666666666653,0,0
2025-04-18,27.5,23.8,3.0,8.2,2.11,3.6999999999999993,80.39999999999999,434.70000000000005,-2.9499999999999993,0,0
2025-04-19,31.7,24.0,0.8,11.0,4.22,7.699999999999999,62.4,421.0,1.1133333333333333,0,0
2025-04-20,32.1,23.0,18.7,7.9,3.82,9.100000000000001,66.3,435.70000000000005,1.4600000000000009,0,0
2025-04-21,30.2,23.1,8.9,9.2,3.63,7.099999999999998,67.0,437.2,-0.4200000000000017,0,0
2025-04-22,31.5,22.5,6.2,9.7,4.05,9.0,65.4,410.8,0.8966666666666647,0,0
2025-04-23,31.4,23.0,13.6,8.6,3.95,8.399999999999999,58.599999999999994,406.7,0.7966666666666669,0,0
2025-04-24,29.0,23.4,10.8,10.6,2.57,5.600000000000001,62.0,416.5,-1.553333333333331,0,0
2025-04-25,30.7,23.9,9.8,7.6,3.04,6.800000000000001,68.8,412.79999999999995,0.1999999999999993,0,0
2025-04-26,31.0,23.1,1.1,7.9,3.68,7.899999999999999,69.1,411.5,0.5500000000000007,0,0
2025-04-27,30.9,23.4,1.4,12.5,3.94,7.5,51.8,388.4,0.49333333333333584,0,0
2025-04-28,30.4,22.8,34.7,11.1,3.53,7.599999999999998,77.6,399.70000000000005,0.043333333333333,0,1
2025-04-29,30.0,22.8,7.4,13.8,3.0,7.199999999999999,78.8,405.6,-0.3099999999999987,0,0
2025-04-30,31.6,23.6,4.0,6.6,3.99,8.0,69.2,378.5,1.3433333333333373,0,0
2025-05-01,32.4,24.0,0.4,6.8,3.95,8.399999999999999,58.800000000000004,367.2,1.9733333333333327,0,0
2025-05-02,29.4,23.5,1.5,10.2,2.42,5.899999999999999,50.5,359.4,-0.9933333333333358,0,0
2025-05-03,31.6,24.1,2.5,7.5,3.92,7.5,51.9,346.9,1.0833333333333357,0,0
2025-05-04,32.7,23.5,8.8,8.3,4.56,9.200000000000003,59.300000000000004,341.5,2.1266666666666687,0,0
2025-05-05,31.9,24.0,9.1,9.8,3.68,7.899999999999999,33.7,318.40000000000003,1.2833333333333314,1,0
2025-05-06,32.0,24.4,6.5,6.6,4.28,7.600000000000001,32.800000000000004,309.6,1.2633333333333319,1,0
2025-05-07,32.3,23.8,3.1,12.4,4.22,8.499999999999996,31.900000000000002,301.2,1.5199999999999925,1,0
2025-05-08,32.8,23.5,1.9,10.3,4.45,9.299999999999997,33.4,280.0,1.9199999999999982,1,0
2025-05-09,28.4,23.5,7.8,9.9,2.82,4.899999999999999,39.7,285.0,-2.5100000000000016,1,0
2025-05-10,30.6,24.1,4.5,7.1,3.47,6.5,41.7,272.3,-0.25333333333333385,1,0
2025-05-11,31.9,23.0,33.3,9.9,4.06,8.899999999999999,66.2,277.2,0.9533333333333331,0,1
2025-05-12,31.5,23.9,2.8,11.7,3.74,7.600000000000001,59.9,261.2,0.576666666666668,0,0
2025-05-13,32.7,23.6,16.2,13.9,4.43,9.100000000000001,69.6,262.59999999999997,1.6133333333333368,0,0
2025-05-14,30.5,23.6,6.0,7.7,3.13,6.899999999999999,72.5,260.4,-0.5299999999999976,0,0
2025-05-15,31.1,23.9,13.8,9.5,3.26,7.200000000000003,84.4,266.4,0.086666666666666,0,0
2025-05-16,31.9,23.4,16.5,9.6,4.24,8.5,93.10000000000001,262.5,0.8999999999999986,0,0
2025-05-17,29.9,23.2,1.4,9.1,3.01,6.699999999999999,90.0,256.5,-1.153333333333336,0,0
2025-05-18,31.5,24.0,10.7,7.9,3.92,7.5,67.4,264.2,0.3133333333333326,0,0
2025-05-19,32.2,23.5,19.9,9.7,3.98,8.700000000000003,84.5,283.3,0.9966666666666697,0,0
2025-05-20,30.8,24.0,2.0,7.6,3.23,6.800000000000001,70.3,266.6,-0.35999999999999943,0,0
2025-05-21,29.0,24.2,8.6,6.7,2.97,4.800000000000001,72.89999999999999,266.3,-2.120000000000001,0,0
2025-05-22,31.4,24.0,19.3,8.0,3.64,7.399999999999999,78.4,279.4,0.28333333333333144,0,0
2025-05-23,31.0,24.2,10.4,9.6,3.4,6.800000000000001,72.3,276.2,-0.10333333333333528,0,0
2025-05-24,32.7,25.1,1.8,7.1,4.27,7.600000000000001,72.69999999999999,267.2,1.4733333333333327,0,0
2025-05-25,32.5,23.8,24.2,10.4,3.95,8.7,86.19999999999999,281.59999999999997,1.2133333333333312,0,0
2025-05-26,31.6,23.6,36.3,14.3,3.77,8.0,102.6,316.8,0.293333333333333,0,1
2025-05-27,28.2,23.9,2.7,4.6,1.94,4.300000000000001,103.29999999999998,318.09999999999997,-3.0166666666666657,0,0
2025-05-28,31.5,23.9,0.4,7.0,3.47,7.600000000000001,95.1,283.8,0.24666666666666615,0,0
2025-05-29,33.3,24.9,0.9,11.2,4.81,8.399999999999999,76.7,277.29999999999995,1.9366666666666603,0,0
2025-05-30,31.5,23.5,22.2,9.0,3.15,8.0,88.49999999999999,295.49999999999994,0.14000000000000057,0,0
2025-05-31,28.8,23.5,10.9,11.7,2.21,5.300000000000001,97.6,306.0,-2.4400000000000013,0,0
2025-06-01,27.8,23.1,3.1,8.6,1.64,4.699999999999999,76.5,307.59999999999997,-3.386666666666663,0,0
2025-06-02,29.0,23.4,0.1,5.2,1.98,5.600000000000001,40.3,305.2,-2.1000000000000014,1,0
2025-06-03,31.0,24.0,1.9,7.4,2.9,7.0,39.5,298.29999999999995,-0.043333333333333,1,0
2025-06-04,30.9,23.8,6.7,8.7,3.69,7.099999999999998,45.8,295.90000000000003,-0.10999999999999943,0,0
2025-06-05,31.5,23.2,1.7,11.8,3.53,8.3,46.6,291.1,0.5066666666666677,0,0
2025-06-06,31.6,22.9,14.2,11.7,3.85,8.700000000000003,38.6,302.2,0.6300000000000061,1,0
2025-06-07,31.5,23.2,0.6,6.6,4.15,8.3,28.3,300.90000000000003,0.5733333333333341,1,0
2025-06-08,31.8,24.5,11.9,8.9,4.07,7.300000000000001,37.1,305.0,0.759999999999998,1,0
2025-06-09,30.2,23.5,6.1,10.6,3.22,6.699999999999999,43.099999999999994,306.6,-0.8266666666666644,0,0
2025-06-10,31.8,23.0,23.0,11.0,3.99,8.8,64.2,296.29999999999995,0.7766666666666673,0,0
2025-06-11,29.2,23.8,6.6,5.6,3.25,5.399999999999999,64.1,300.09999999999997,-1.7466666666666661,0,0
2025-06-12,31.2,24.0,10.3,9.1,3.61,7.199999999999999,72.7,294.2,0.30333333333333456,0,0
2025-06-13,32.2,23.4,22.4,12.3,3.85,8.800000000000004,80.9,310.59999999999997,1.2466666666666733,0,0
2025-06-14,30.8,24.1,2.7,11.3,3.04,6.699999999999999,83.0,299.49999999999994,-0.14333333333333087,0,0
2025-06-15,32.0,23.7,1.6,13.2,4.08,8.3,72.7,284.59999999999997,1.0533333333333346,0,0
2025-06-16,31.6,23.3,4.6,6.7,4.01,8.3,71.2,287.8,0.5966666666666676,0,0
2025-06-17,32.0,22.8,18.1,11.0,4.23,9.2,66.30000000000001,295.2,0.9800000000000004,0,0
2025-06-18,30.6,23.0,55.7,7.7,3.15,7.600000000000001,115.4,331.0,-0.3666666666666636,0,1
2025-06-19,27.2,22.8,53.9,13.1,2.22,4.399999999999999,159.0,382.9,-3.6466666666666683,0,1
2025-06-20,27.1,21.7,1.0,5.9,1.93,5.400000000000002,137.6,375.3,-3.6833333333333336,0,0
2025-06-21,31.8,22.8,12.0,9.6,4.46,9.0,146.9,368.0,1.0033333333333339,0,0
2025-06-22,29.6,23.1,4.2,9.1,2.79,6.5,149.5,361.8,-1.1499999999999986,0,0
2025-06-23,31.8,24.0,0.0,5.1,4.2,7.800000000000001,144.9,360.0,1.0799999999999983,0,0
2025-06-24,29.9,24.2,1.5,7.2,3.24,5.699999999999999,128.3,337.3,-0.7333333333333343,0,0
2025-06-25,31.5,23.2,0.5,11.2,3.94,8.3,73.1,301.5,0.870000000000001,0,0
2025-06-26,31.1,23.2,0.5,8.3,3.82,7.900000000000002,19.7,299.3,0.3733333333333313,1,0
2025-06-27,31.5,22.9,32.8,8.8,3.67,8.600000000000001,51.5,331.7,0.7733333333333299,0,1
2025-06-28,28.5,23.1,9.2,7.7,1.98,5.399999999999999,48.7,340.0,-2.0666666666666664,0,0
2025-06-29,30.9,23.3,17.3,14.3,3.83,7.599999999999998,61.8,335.1,0.3533333333333317,0,0
2025-06-30,29.0,21.5,0.1,9.4,2.37,7.5,61.9,324.29999999999995,-1.5533333333333346,0,0
2025-07-01,32.0,23.5,0.0,8.1,4.59,8.5,60.4,321.2,1.3066666666666649,0,0
2025-07-02,32.2,24.0,7.4,9.1,4.29,8.200000000000003,67.3,328.5,1.4000000000000021,0,0
2025-07-03,31.8,22.6,8.1,11.4,4.06,9.2,74.89999999999999,334.7,0.9733333333333327,0,0
2025-07-04,30.8,23.2,5.4,9.6,3.88,7.600000000000001,47.5,333.4,-0.023333333333333428,0,0
2025-07-05,30.4,23.4,0.1,7.3,3.32,7.0,38.4,331.79999999999995,-0.38666666666667027,1,0
2025-07-06,30.8,23.2,16.4,8.9,3.19,7.600000000000001,37.5,334.0,0.03999999999999915,1,0
2025-07-07,27.4,22.5,4.2,8.5,1.93,4.899999999999999,41.6,337.59999999999997,-3.2233333333333363,1,0
2025-07-08,30.9,22.9,1.2,13.6,3.49,8.0,42.8,326.9,0.3066666666666684,0,0
2025-07-09,31.0,23.2,1.7,9.5,4.09,7.800000000000001,37.1,322.49999999999994,0.379999999999999,1,0
2025-07-10,30.7,23.2,2.8,7.1,3.03,7.5,31.799999999999997,302.3,0.11666666666666714,1,0
2025-07-11,31.4,23.3,0.4,6.7,3.98,8.099999999999998,26.8,296.1,0.7433333333333287,1,0
2025-07-12,30.5,23.0,8.9,8.4,3.47,7.5,35.6,294.7,-0.13333333333333286,1,0
2025-07-13,32.0,22.8,18.1,11.2,4.09,9.2,37.300000000000004,290.40000000000003,1.3733333333333348,1,0
2025-07-14,29.9,23.2,4.5,13.2,3.42,6.699999999999999,37.6,292.20000000000005,-0.696666666666669,1,0
2025-07-15,30.2,23.1,8.1,7.7,3.26,7.099999999999998,44.50000000000001,298.7,-0.33666666666666956,0,0
2025-07-16,30.2,22.6,13.5,16.0,3.15,7.599999999999998,56.300000000000004,307.59999999999997,-0.28999999999999915,0,0
2025-07-17,29.1,22.4,10.7,7.2,2.71,6.700000000000003,64.2,300.20000000000005,-1.2933333333333294,0,0
2025-07-18,29.5,23.2,3.4,9.2,2.94,6.300000000000001,67.2,247.9,-0.8566666666666656,0,0
2025-07-19,30.5,22.1,0.0,9.4,3.97,8.399999999999999,58.3,194.0,0.03333333333333499,0,0
2025-07-20,30.9,22.0,0.9,7.6,3.87,8.899999999999999,41.1,193.9,0.3066666666666684,1,0
2025-07-21,31.3,22.6,0.0,6.5,4.05,8.7,36.6,181.9,0.7233333333333327,1,0
2025-07-22,31.4,23.8,0.0,7.0,3.87,7.599999999999998,28.499999999999996,177.70000000000002,0.7633333333333319,1,0
2025-07-23,32.5,23.9,3.0,7.3,4.13,8.600000000000001,18.0,180.70000000000002,1.8399999999999999,1,0
2025-07-24,31.0,24.2,2.8,10.4,3.59,6.800000000000001,10.1,182.0,0.30333333333333456,1,0
2025-07-25,31.0,23.5,7.8,8.1,3.45,7.5,14.5,189.3,0.3200000000000003,1,0
2025-07-26,31.8,23.0,14.0,8.9,4.07,8.8,28.5,202.8,1.0966666666666711,1,0
2025-07-27,30.4,23.8,0.0,9.7,2.93,6.599999999999998,27.6,170.0,-0.2666666666666657,1,0
2025-07-28,32.9,23.5,0.0,7.7,4.63,9.399999999999999,27.6,160.8,2.086666666666666,1,0
2025-07-29,32.2,23.7,0.0,7.6,4.46,8.500000000000004,27.6,143.5,1.3433333333333373,1,0
2025-07-30,32.3,23.6,1.0,11.0,4.45,8.699999999999996,25.6,144.4,1.3333333333333321,1,0
2025-07-31,31.1,24.1,2.3,8.8,3.93,7.0,25.1,146.7,0.16333333333333755,1,0
2025-08-01,32.8,23.4,4.6,10.5,4.31,9.399999999999999,21.9,143.9,1.8433333333333302,1,0
2025-08-02,31.4,23.0,5.6,8.0,3.55,8.399999999999999,13.5,141.4,0.456666666666667,1,0
2025-08-03,31.0,22.4,73.4,7.0,3.54,8.600000000000001,86.9,209.4,0.05000000000000071,0,1
2025-08-04,29.5,22.7,12.4,5.1,3.01,6.800000000000001,99.30000000000001,221.70000000000002,-1.4200000000000017,0,0
2025-08-05,30.9,22.5,1.8,9.4,3.46,8.399999999999999,101.10000000000001,207.1,-0.023333333333333428,0,0
2025-08-06,30.6,23.4,0.4,8.5,3.81,7.200000000000003,100.5,203.3,-0.42999999999999616,0,0
2025-08-07,32.5,23.0,3.4,6.3,4.37,9.5,101.60000000000001,205.5,1.4166666666666679,0,0
2025-08-08,31.6,23.8,2.2,13.0,3.97,7.800000000000001,99.2,206.0,0.49666666666666615,0,0
2025-08-09,29.1,22.9,16.3,6.6,2.94,6.200000000000003,109.9,219.5,-1.9499999999999993,0,0
2025-08-10,30.8,22.8,7.9,10.0,3.95,8.0,44.4,227.00000000000003,-0.22999999999999687,0,0
2025-08-11,30.9,22.4,35.0,9.7,3.88,8.5,67.0,253.10000000000002,-0.14333333333333442,0,1
2025-08-12,27.5,22.6,42.0,9.4,2.52,4.899999999999999,107.2,277.0,-3.393333333333331,0,1
2025-08-13,29.4,22.1,35.4,8.4,3.43,7.299999999999997,142.2,307.9,-1.4766666666666666,0,1
2025-08-14,27.1,22.4,15.8,5.2,2.35,4.700000000000003,154.6,315.6,-3.6733333333333285,0,0
2025-08-15,30.5,22.5,7.0,10.5,3.82,8.0,159.4,309.1,-0.283333333333335,0,0
2025-08-16,29.6,22.4,27.3,8.1,3.46,7.200000000000003,170.39999999999998,325.7,-1.1999999999999993,0,0
2025-08-17,30.4,22.5,31.3,10.7,3.17,7.899999999999999,193.79999999999998,353.6,-0.4299999999999997,0,1
2025-08-18,30.5,22.5,28.5,15.5,3.59,8.0,187.3,382.1,-0.3299999999999983,0,1
2025-08-19,30.1,22.2,54.0,13.0,3.2,7.900000000000002,199.3,435.20000000000005,-0.7033333333333331,0,1
2025-08-20,27.5,22.0,6.9,11.4,2.19,5.5,170.8,442.1,-3.176666666666666,0,0
2025-08-21,30.5,22.7,1.0,5.0,3.63,7.800000000000001,156.0,443.1,-0.14666666666666472,0,0
2025-08-22,28.8,22.9,0.3,6.1,2.46,5.900000000000002,149.29999999999998,440.40000000000003,-1.7233333333333292,0,0
2025-08-23,31.0,22.0,1.9,12.5,3.71,9.0,123.89999999999999,439.5,0.4766666666666701,0,0
2025-08-24,26.8,22.5,32.5,6.3,2.59,4.300000000000001,125.1,464.2,-3.583333333333332,0,1
2025-08-25,30.0,22.0,9.7,7.6,3.38,8.0,106.3,459.90000000000003,-0.32333333333333414,0,0
2025-08-26,30.7,22.7,0.9,12.3,3.83,8.0,53.2,460.8,0.36666666666666714,0,0
2025-08-27,30.0,22.9,16.3,11.3,3.23,7.100000000000001,62.6,477.1,-0.23666666666666458,0,0
2025-08-28,30.6,22.4,10.0,12.5,3.42,8.200000000000003,71.6,487.1,0.41666666666666785,0,0
2025-08-29,30.4,23.0,18.5,8.0,3.59,7.399999999999999,89.80000000000001,504.6,0.28000000000000114,0,0
2025-08-30,31.0,22.6,15.4,9.8,3.57,8.399999999999999,103.3,517.7,0.8833333333333329,0,0
2025-08-31,27.9,23.1,8.7,5.4,2.7,4.799999999999997,79.5,521.8,-2.0533333333333346,0,0
2025-09-01,31.3,22.9,4.3,12.7,4.11,8.400000000000002,74.1,520.5000000000001,1.3500000000000014,0,0
2025-09-02,31.5,22.6,21.8,8.5,3.97,8.899999999999999,95.0,468.9,1.533333333333335,0,0
2025-09-03,29.2,22.5,11.4,10.6,2.62,6.699999999999999,90.1,467.9,-0.7566666666666677,0,0
2025-09-04,30.1,23.1,8.7,8.0,2.96,7.0,88.8,474.8,0.1700000000000017,0,0
2025-09-05,29.2,23.0,15.9,5.3,2.9,6.199999999999999,86.2,490.3,-0.6833333333333336,0,0
2025-09-06,29.1,22.5,20.9,11.8,2.76,6.600000000000001,91.7,507.79999999999995,-0.6699999999999982,0,0
2025-09-07,29.4,22.8,6.1,13.3,2.84,6.599999999999998,89.1,511.7,-0.29666666666666686,0,0
2025-09-08,29.6,22.7,17.7,7.1,3.31,6.900000000000002,102.5,513.1,-0.11333333333332973,0,0
2025-09-09,30.4,22.5,29.2,8.2,3.14,7.899999999999999,109.9,534.4,0.6999999999999993,0,1
2025-09-10,28.9,23.0,12.6,9.4,2.4,5.899999999999999,111.1,512.0,-0.7333333333333343,0,0
2025-09-11,30.2,23.1,2.4,11.7,3.36,7.099999999999998,104.8,472.4,0.476666666666663,0,0
2025-09-12,28.7,22.5,36.7,9.7,3.13,6.199999999999999,125.6,473.70000000000005,-1.0,0,1
2025-09-13,31.8,23.3,0.8,8.9,4.33,8.5,105.5,458.7,1.9433333333333316,0,0
2025-09-14,31.5,23.5,1.1,9.1,3.6,8.0,100.5,452.8,1.6099999999999994,0,0
2025-09-15,30.9,22.8,27.2,9.2,3.48,8.099999999999998,110.0,452.7,0.966666666666665,0,0
2025-09-16,30.1,22.8,18.4,11.3,3.32,7.300000000000001,99.19999999999999,439.79999999999995,0.17666666666666586,0,0
2025-09-17,29.0,23.3,4.0,6.9,2.82,5.699999999999999,90.6,415.29999999999995,-0.8733333333333348,0,0
2025-09-18,30.5,23.2,0.1,8.5,3.0,7.300000000000001,88.3,361.4,0.6133333333333333,0,0
2025-09-19,32.2,22.7,17.8,13.7,4.28,9.500000000000004,69.4,372.3,2.15666666666667,0,0
2025-09-20,30.0,22.9,20.3,7.5,3.54,7.100000000000001,88.9,391.6,-0.02666666666666373,0,0
2025-09-21,31.6,23.0,0.2,7.6,4.14,8.600000000000001,88.0,391.5,1.4800000000000004,0,0
2025-09-22,32.8,22.4,0.0,9.6,4.8,10.399999999999999,60.800000000000004,389.6,2.619999999999994,0,0
2025-09-23,32.8,23.6,0.0,10.6,4.94,9.199999999999996,42.400000000000006,357.1,2.419999999999998,0,0
2025-09-24,31.8,22.5,13.6,9.5,4.0,9.3,52.00000000000001,360.99999999999994,1.360000000000003,0,0
2025-09-25,31.9,22.6,3.9,8.5,4.26,9.299999999999997,55.800000000000004,364.0,1.4199999999999946,0,0
2025-09-26,31.0,23.9,2.9,9.6,3.65,7.100000000000001,40.9,350.59999999999997,0.4866666666666646,1,0
2025-09-27,32.2,24.5,8.4,10.3,4.15,7.700000000000003,29.0,349.0,1.6333333333333364,1,0
2025-09-28,31.8,22.7,25.8,9.2,3.74,9.100000000000001,54.6,356.29999999999995,1.1866666666666639,0,0
2025-09-29,31.8,22.9,24.3,11.8,3.65,8.900000000000002,78.9,365.2,1.1600000000000001,0,0
2025-09-30,30.6,22.7,14.2,6.6,3.65,7.900000000000002,93.1,370.70000000000005,-0.129999999999999,0,0
2025-10-01,32.1,23.1,3.9,9.4,4.34,9.0,83.4,370.3,1.3433333333333337,0,0
2025-10-02,32.3,22.8,2.6,9.7,4.71,9.499999999999996,82.1,351.1,1.5166666666666622,0,0
2025-10-03,32.3,23.1,12.0,9.6,4.19,9.199999999999996,91.19999999999999,351.70000000000005,1.413333333333334,0,0
2025-10-04,26.1,22.0,9.4,7.3,1.2,4.100000000000001,92.2,352.4,-4.653333333333332,0,0
2025-10-05,31.8,22.0,9.2,11.5,4.25,9.8,75.60000000000001,345.7,0.9600000000000009,0,0
2025-10-06,28.2,22.2,1.7,11.3,2.02,6.0,52.99999999999999,326.5,-2.6099999999999994,0,0
2025-10-07,31.5,21.9,2.7,15.2,4.64,9.600000000000001,41.5,323.1,0.620000000000001,1,0
2025-10-08,32.0,23.5,0.1,10.6,4.66,8.5,37.7,305.5,1.0400000000000027,1,0
2025-10-09,31.8,23.5,0.0,8.2,4.24,8.3,35.1,276.3,0.793333333333333,1,0
2025-10-10,32.8,23.5,0.1,8.1,4.69,9.299999999999997,23.2,263.8,1.6633333333333304,1,0
2025-10-11,32.3,23.1,19.3,16.6,4.35,9.199999999999996,33.1,280.70000000000005,1.0933333333333337,1,0
2025-10-12,32.7,23.0,2.7,12.0,4.28,9.700000000000003,26.599999999999998,246.7,1.360000000000003,1,0
2025-10-13,33.0,22.4,13.0,10.5,4.4,10.600000000000001,37.9,258.9,1.620000000000001,1,0
2025-10-14,31.6,23.2,8.2,8.0,3.85,8.400000000000002,43.39999999999999,266.0,0.21666666666666856,0,0
2025-10-15,32.2,23.5,1.5,7.4,4.41,8.700000000000003,44.8,240.3,0.773333333333337,0,0
2025-10-16,31.4,23.4,12.0,15.3,3.68,8.0,56.8,233.9,-0.07000000000000384,0,0
2025-10-17,31.0,22.6,11.4,8.7,3.29,8.399999999999999,68.1,241.3,-0.5366666666666688,0,0
2025-10-18,32.2,22.8,13.1,10.6,4.45,9.400000000000002,61.89999999999999,254.3,0.6066666666666727,0,0
2025-10-19,31.6,23.9,23.2,10.1,3.18,7.700000000000003,82.39999999999999,259.7,0.026666666666667282,0,0
2025-10-20,29.5,23.3,27.6,10.1,3.12,6.199999999999999,97.0,267.0,-2.0566666666666684,0,0
2025-10-21,29.6,23.2,32.2,10.3,3.16,6.400000000000002,121.0,299.0,-1.8900000000000006,0,1
2025-10-22,29.5,23.2,10.1,16.8,3.25,6.300000000000001,129.6,309.1,-1.879999999999999,0,0
2025-10-23,31.9,24.0,0.0,16.6,4.67,7.899999999999999,117.60000000000001,309.1,0.5499999999999972,0,0
2025-10-24,31.0,23.1,12.1,11.8,3.28,7.899999999999999,118.3,307.6,-0.32333333333333414,0,0
2025-10-25,31.0,23.2,7.8,13.4,3.91,7.800000000000001,112.99999999999999,311.5,-0.293333333333333,0,0
2025-10-26,27.9,22.5,9.4,8.4,2.15,5.399999999999999,99.2,318.0,-3.289999999999999,0,0
2025-10-27,31.4,22.8,2.4,11.2,4.48,8.599999999999998,74.0,312.0,0.23666666666666458,0,0
2025-10-28,31.3,23.4,1.8,10.7,3.79,7.900000000000002,43.599999999999994,288.0,0.15333333333333599,0,0
2025-10-29,31.0,23.3,12.8,10.9,3.5,7.699999999999999,46.29999999999999,276.5,-0.120000000000001,0,0
2025-10-30,32.8,23.5,8.6,10.3,4.34,9.299999999999997,54.89999999999999,270.9,1.6066666666666656,0,0
2025-10-31,27.6,23.0,3.8,7.7,1.72,4.600000000000001,46.599999999999994,270.8,-3.4433333333333316,0,0
2025-11-01,32.8,23.0,12.7,8.5,4.72,9.799999999999997,51.499999999999986,280.9,1.7399999999999984,0,0
2025-11-02,28.2,23.4,4.3,7.6,2.36,4.800000000000001,46.39999999999999,273.2,-2.7233333333333363,0,0
2025-11-03,33.0,24.2,14.9,8.0,4.35,8.8,58.89999999999999,278.70000000000005,1.8466666666666676,0,0
2025-11-04,32.5,23.2,15.7,12.7,4.36,9.3,72.79999999999998,285.2,1.3233333333333341,0,0
2025-11-05,32.8,22.5,20.5,12.7,4.38,10.299999999999997,80.49999999999999,304.0,1.4699999999999989,0,0
2025-11-06,30.0,24.0,2.9,8.6,3.32,6.0,74.8,304.2,-1.2799999999999976,0,0
2025-11-07,32.2,23.5,0.2,7.1,3.89,8.700000000000003,71.19999999999999,304.29999999999995,0.913333333333334,0,0
2025-11-08,33.8,23.2,32.8,15.9,4.55,10.599999999999998,91.29999999999998,337.09999999999997,2.4466666666666654,0,1
2025-11-09,28.6,23.2,4.3,10.1,2.15,5.400000000000002,91.3,341.3,-2.6133333333333297,0,0
2025-11-10,32.0,23.0,9.8,12.5,3.98,9.0,86.19999999999999,331.8,0.7966666666666669,0,0
2025-11-11,30.1,23.1,32.1,12.8,3.3,7.0,102.6,361.2,-1.0166666666666657,0,1
2025-11-12,29.5,22.8,6.6,10.9,3.2,6.699999999999999,88.69999999999999,354.8,-1.5,0,0
2025-11-13,30.7,23.0,0.0,16.0,3.52,7.699999999999999,85.8,346.6,-0.2700000000000031,0,0
2025-11-14,32.1,24.4,3.1,10.4,4.83,7.700000000000003,88.69999999999999,348.20000000000005,1.1333333333333364,0,0
2025-11-15,32.1,23.2,15.7,11.6,3.89,8.900000000000002,71.6,351.90000000000003,1.110000000000003,0,0
2025-11-16,27.8,23.5,17.4,10.8,2.03,4.300000000000001,84.69999999999999,357.9,-3.083333333333332,0,0
2025-11-17,31.9,23.8,3.9,16.4,4.28,8.099999999999998,78.79999999999998,348.70000000000005,1.0266666666666637,0,0
2025-11-18,32.2,23.3,13.2,8.8,4.13,8.900000000000002,59.89999999999999,338.7,1.306666666666672,0,0
2025-11-19,31.3,23.5,25.6,13.4,3.31,7.800000000000001,78.89999999999999,336.7,0.34666666666666757,0,0
2025-11-20,30.5,23.4,5.6,11.5,3.43,7.100000000000001,84.49999999999999,310.1,-0.4833333333333343,0,0
2025-11-21,31.5,23.4,19.6,12.3,4.02,8.100000000000001,101.0,319.6,0.4499999999999993,0,0
2025-11-22,31.1,23.5,19.9,11.0,4.21,7.600000000000001,105.19999999999999,339.5,0.07666666666666799,0,0
2025-11-23,32.3,24.0,0.8,11.8,4.63,8.299999999999997,88.6,328.2,1.2333333333333307,0,0
2025-11-24,32.0,23.8,4.2,10.8,3.94,8.2,88.9,324.6,0.8999999999999986,0,0
2025-11-25,32.0,23.5,2.4,12.6,4.44,8.5,78.1,317.59999999999997,0.7633333333333319,0,0
2025-11-26,32.0,24.5,0.5,11.7,4.09,7.5,52.99999999999999,315.7,0.7433333333333323,0,0
2025-11-27,33.0,23.8,1.0,9.5,4.63,9.2,48.39999999999999,314.9,1.6866666666666674,0,0
2025-11-28,32.5,23.0,14.1,15.3,4.29,9.5,42.89999999999999,316.2,1.1366666666666667,0,0
2025-11-29,28.2,23.4,26.8,7.9,2.5,4.800000000000001,49.8,334.40000000000003,-3.0100000000000016,0,0
2025-11-30,30.3,24.0,4.0,7.0,3.43,6.300000000000001,53.0,334.6,-1.0,0,0
2025-12-01,31.4,23.4,64.9,9.8,3.77,8.0,113.7,386.8,0.14666666666666472,0,1
2025-12-02,27.2,22.8,20.8,9.4,2.1,4.399999999999999,132.1,403.3,-4.020000000000003,0,0
2025-12-03,30.4,23.3,28.9,8.9,3.2,7.099999999999998,160.5,417.29999999999995,-0.7333333333333343,0,1
2025-12-04,26.9,23.0,14.3,10.3,1.93,3.8999999999999986,173.8,415.9,-4.046666666666667,0,0
2025-12-05,31.5,22.5,6.6,10.4,4.46,9.0,166.3,402.0,0.5966666666666676,0,0
2025-12-06,30.3,23.5,11.0,10.3,3.72,6.800000000000001,150.5,410.1,-0.6133333333333368,0,0
2025-12-07,30.6,23.4,9.0,12.1,3.81,7.200000000000003,155.5,418.90000000000003,-0.259999999999998,0,0
2025-12-08,30.4,23.3,10.5,24.4,3.15,7.099999999999998,101.1,396.6,-0.3466666666666711,0,0
2025-12-09,30.5,22.8,0.0,11.6,3.62,7.699999999999999,80.3,392.3,-0.3100000000000023,0,0
2025-12-10,32.5,23.2,1.3,10.0,4.34,9.3,52.699999999999996,383.8,1.673333333333332,0,0
2025-12-11,31.2,23.8,11.4,9.2,4.05,7.399999999999999,49.8,363.1,0.336666666666666,0,0
2025-12-12,32.0,22.9,24.0,11.7,3.94,9.100000000000001,67.2,380.5,1.0533333333333346,0,0
2025-12-13,29.1,23.0,22.7,10.6,3.4,6.100000000000001,78.9,403.2,-1.7933333333333294,0,0
2025-12-14,31.4,23.5,90.4,6.6,3.92,7.899999999999999,160.3,490.5,0.5299999999999976,0,1
2025-12-15,29.0,23.0,35.7,9.6,2.8,6.0,185.5,510.5,-1.7666666666666657,0,1
2025-12-16,31.8,23.2,11.5,8.6,3.41,8.600000000000001,197.0,504.6,0.9000000000000021,0,0
2025-12-17,32.5,23.2,14.9,11.5,4.79,9.3,210.6,515.6,1.5800000000000018,0,0
2025-12-18,31.5,23.4,19.1,10.4,3.79,8.100000000000001,218.3,521.5,0.6033333333333317,0,0
2025-12-19,32.1,23.1,17.7,10.6,4.41,9.0,212.00000000000003,513.6,1.1766666666666694,0,0
2025-12-20,30.4,23.2,13.9,14.0,3.01,7.199999999999999,203.20000000000002,521.9,-0.5199999999999996,0,0
2025-12-21,31.3,23.3,28.8,10.7,3.36,8.0,141.6,531.1,0.3866666666666667,0,1
2025-12-22,30.4,23.3,18.4,10.7,2.86,7.099999999999998,124.3,529.6,-0.48999999999999844,0,0
2025-12-23,31.7,23.2,9.3,10.2,3.9,8.5,122.1,538.1,0.8299999999999983,0,0
2025-12-24,29.8,23.7,1.1,11.5,2.7,6.100000000000001,108.3,535.0,-0.9966666666666661,0,0
2025-12-25,32.0,23.7,14.3,11.6,4.13,8.3,103.5,546.9,1.2033333333333331,0,0
2025-12-26,32.7,24.0,39.7,13.6,4.05,8.700000000000003,125.5,586.1,1.8800000000000026,0,1
2025-12-27,26.4,23.5,6.7,9.4,1.39,2.8999999999999986,118.30000000000001,591.8000000000001,-4.200000000000003,0,0
2025-12-28,32.0,24.2,0.0,10.0,3.8,7.800000000000001,89.5,577.7,1.4166666666666679,0,0
2025-12-29,31.6,24.5,0.2,13.4,4.19,7.100000000000001,71.30000000000001,551.1,0.903333333333336,0,0
2025-12-30,31.5,23.4,38.9,8.9,4.29,8.100000000000001,100.9,586.0,0.7633333333333319,0,1
2025-12-31,31.2,23.4,34.1,9.3,2.79,7.800000000000001,133.9,555.1999999999999,0.46999999999999886,0,1
2026-01-01,28.9,23.7,10.1,9.1,2.87,5.199999999999999,129.7,544.5,-1.8866666666666703,0,0
2026-01-02,32.0,23.4,8.8,13.4,4.49,8.600000000000001,98.8,524.4000000000001,1.1600000000000001,0,0
2026-01-03,30.7,23.4,7.6,10.2,3.61,7.300000000000001,99.69999999999999,517.7,-0.2666666666666657,0,0
2026-01-04,31.0,23.1,9.8,12.6,3.69,7.899999999999999,109.5,520.9,0.05000000000000071,0,0
2026-01-05,30.8,22.8,6.4,16.4,3.3,8.0,115.69999999999999,516.3,-0.1666666666666643,0,0
2026-01-06,31.6,23.3,12.5,12.1,4.2,8.3,89.3,519.8,0.6000000000000014,0,0
2026-01-07,31.5,23.1,31.4,13.4,3.7,8.399999999999999,86.6,540.7,0.4633333333333347,0,1
2026-01-08,29.8,23.1,4.3,13.5,3.19,6.699999999999999,80.80000000000001,545.0,-1.2133333333333312,0,0
2026-01-09,27.4,23.2,2.7,10.1,2.21,4.199999999999999,74.69999999999999,546.4000000000001,-3.4433333333333316,0,0
2026-01-10,30.6,23.2,21.9,14.1,3.84,7.400000000000002,89.0,556.9,-0.22333333333333272,0,0
2026-01-11,28.1,24.0,3.1,10.1,2.34,4.100000000000001,82.3,536.0,-2.5933333333333337,0,0
2026-01-12,32.0,23.5,0.0,8.9,4.24,8.5,75.89999999999999,513.3000000000001,1.2099999999999973,0,0
2026-01-13,32.4,23.1,0.0,10.5,4.56,9.299999999999997,63.4,422.9,1.5766666666666644,0,0
2026-01-14,33.1,24.0,0.1,12.4,4.97,9.100000000000001,32.1,387.3,2.1400000000000006,1,0
2026-01-15,32.4,23.4,0.5,13.5,4.84,9.0,28.299999999999997,376.3,1.4199999999999982,1,0
2026-01-16,33.2,23.8,1.0,14.6,5.31,9.400000000000002,26.599999999999998,362.40000000000003,2.196666666666669,1,0
2026-01-17,33.6,23.1,0.0,10.7,5.14,10.5,4.7,343.3,2.526666666666671,1,0
2026-01-18,33.2,23.8,0.0,10.5,5.31,9.400000000000002,1.6,325.6,2.09,1,0
2026-01-19,33.2,22.9,0.0,13.0,5.54,10.300000000000004,1.6,311.7,1.9966666666666697,1,0
2026-01-20,33.3,22.6,0.0,13.3,5.56,10.699999999999996,1.6,282.90000000000003,2.0299999999999976,1,0
2026-01-21,32.8,23.7,0.0,12.6,4.92,9.099999999999998,1.5,264.5,1.4499999999999957,1,0
2026-01-22,32.5,22.5,0.0,11.8,4.27,10.0,1.0,255.20000000000002,1.1233333333333348,1,0
2026-01-23,33.4,22.8,0.0,9.4,5.32,10.599999999999998,0.0,254.10000000000002,1.9033333333333324,1,0
2026-01-24,32.7,22.4,3.1,9.2,4.37,10.300000000000004,3.1,242.9,1.1800000000000033,1,0
2026-01-25,31.1,23.4,2.7,7.8,3.45,7.700000000000003,5.800000000000001,205.89999999999998,-0.3666666666666636,1,0
2026-01-26,32.0,23.1,5.1,15.6,3.75,8.899999999999999,10.9,204.29999999999998,0.34666666666666757,1,0
2026-01-27,33.0,22.5,20.7,8.7,4.64,10.5,31.6,225.0,1.3133333333333326,1,0
2026-01-28,30.5,23.1,9.2,9.5,3.23,7.399999999999999,40.8,234.0,-1.1499999999999986,1,0
2026-01-29,30.0,22.5,16.2,8.6,2.95,7.5,57.0,211.3,-1.6000000000000014,0,0
2026-01-30,31.1,23.7,10.2,8.4,3.63,7.400000000000002,67.19999999999999,187.4,-0.4966666666666697,0,0
2026-01-31,29.7,23.0,10.8,10.4,3.09,6.699999999999999,74.9,188.10000000000002,-1.923333333333332,0,0
2026-02-01,28.5,22.5,49.1,9.1,3.05,6.0,121.3,228.4,-3.006666666666664,0,1
2026-02-02,30.0,22.0,22.0,8.9,3.46,8.0,138.2,242.8,-1.4833333333333343,0,0
2026-02-03,29.2,22.4,17.6,9.7,3.56,6.800000000000001,135.1,250.6,-2.2233333333333363,0,0
2026-02-04,27.9,23.2,5.3,7.8,2.41,4.699999999999999,131.2,249.5,-3.426666666666666,0,0
2026-02-05,32.4,23.1,22.5,14.2,4.9,9.299999999999997,137.5,259.5,1.0466666666666633,0,0
2026-02-06,29.1,23.0,8.8,9.8,2.89,6.100000000000001,136.1,236.9,-2.173333333333332,0,0
2026-02-07,32.8,23.5,0.2,9.5,4.73,9.299999999999997,125.5,232.8,1.4266666666666659,0,0
2026-02-08,32.0,23.4,10.6,7.7,4.28,8.600000000000001,87.0,240.70000000000002,0.47333333333333627,0,0
2026-02-09,32.5,23.9,10.4,13.5,4.36,8.600000000000001,75.4,229.20000000000002,0.9100000000000037,0,0
2026-02-10,26.5,22.9,17.2,7.4,2.0,3.6000000000000014,75.0,243.3,-5.036666666666665,0,0
2026-02-11,30.5,23.0,7.7,11.2,3.16,7.5,77.39999999999999,251.0,-0.9866666666666646,0,0
2026-02-12,31.0,23.1,5.3,8.8,4.39,7.899999999999999,60.199999999999996,256.3,-0.4399999999999977,0,0
2026-02-13,28.9,22.7,6.4,14.8,2.49,6.199999999999999,57.79999999999999,262.59999999999997,-2.400000000000002,0,0
2026-02-14,32.3,23.1,9.4,11.5,4.72,9.199999999999996,66.99999999999999,271.5,1.0033333333333303,0,0
2026-02-15,31.0,22.8,15.5,7.3,3.61,8.2,71.89999999999999,286.0,-0.22333333333333627,0,0
2026-02-16,31.2,22.4,11.5,7.2,4.15,8.8,72.99999999999999,297.5,0.05666666666666487,0,0
2026-02-17,30.1,23.0,16.7,8.5,2.97,7.100000000000001,72.5,314.2,-0.9399999999999977,0,0
2026-02-18,32.3,22.8,27.8,9.9,4.32,9.499999999999996,92.6,342.0,1.2899999999999956,0,1
2026-02-19,30.5,22.9,3.7,9.9,3.77,7.600000000000001,91.0,345.7,-0.41666666666666785,0,0
2026-02-20,31.5,23.5,49.4,8.2,4.16,8.0,134.0,395.09999999999997,0.6266666666666652,0,1
2026-02-21,27.0,23.7,4.9,7.8,1.63,3.3000000000000007,129.5,400.0,-3.6900000000000013,0,0
2026-02-22,31.8,23.1,7.6,12.3,4.53,8.7,121.6,407.59999999999997,1.163333333333334,0,0
2026-02-23,31.3,23.8,27.1,9.8,4.1,7.5,137.2,431.6,0.7100000000000009,0,0
2026-02-24,29.5,23.6,14.7,12.8,3.27,5.899999999999999,135.2,443.59999999999997,-1.0366666666666688,0,0
2026-02-25,29.2,23.1,1.3,9.4,2.69,6.099999999999998,108.69999999999999,439.8,-1.2433333333333323,0,0
2026-02-26,33.0,23.1,0.0,13.6,5.0,9.899999999999999,104.99999999999999,419.1,2.5566666666666684,0,0
2026-02-27,32.2,24.6,0.3,13.7,4.97,7.600000000000001,55.89999999999999,410.2,1.7000000000000028,0,0
2026-02-28,32.3,24.2,0.2,8.0,3.97,8.099999999999998,51.199999999999996,394.2,1.7233333333333327,0,0
2026-03-01,32.3,24.3,12.2,8.8,3.98,7.9999999999999964,55.8,396.2,1.68333333333333,0,0
2026-03-02,32.6,23.9,0.5,8.5,4.46,8.700000000000003,29.199999999999992,385.9,1.8866666666666703,1,0
2026-03-03,32.8,23.2,12.6,16.2,4.61,9.599999999999998,27.099999999999994,349.40000000000003,1.943333333333328,1,0
2026-03-04,30.4,23.2,12.8,6.4,3.09,7.199999999999999,38.599999999999994,340.20000000000005,-0.4700000000000024,1,0
2026-03-05,31.6,23.8,7.3,12.5,3.95,7.800000000000001,45.89999999999999,329.9,0.6500000000000021,0,0
2026-03-06,31.2,23.2,10.3,14.7,4.03,8.0,55.89999999999999,334.9,0.14000000000000057,0,0
2026-03-07,30.5,23.2,11.1,6.5,3.26,7.300000000000001,66.8,323.5,-0.49666666666666615,0,0
2026-03-08,30.3,23.0,9.1,8.9,3.47,7.300000000000001,63.69999999999999,323.79999999999995,-0.7366666666666681,0,0
2026-03-09,28.8,22.8,26.1,8.4,2.86,6.0,89.29999999999998,349.7,-2.1033333333333317,0,0
2026-03-10,31.0,23.0,7.4,14.4,3.75,8.0,84.1,346.5,0.129999999999999,0,0
2026-03-11,31.5,23.6,2.0,13.8,4.46,7.899999999999999,73.3,338.09999999999997,0.663333333333334,0,0
2026-03-12,32.3,22.8,2.9,12.6,5.15,9.499999999999996,68.89999999999999,323.8,1.2699999999999925,0,0
2026-03-13,32.9,21.9,5.2,14.5,5.32,11.0,63.79999999999999,321.3,1.7899999999999956,0,0
2026-03-14,32.2,22.9,10.4,10.0,4.46,9.300000000000004,63.099999999999994,326.4,1.0500000000000043,0,0
2026-03-15,31.5,23.0,27.2,8.3,3.65,8.5,81.19999999999999,347.20000000000005,0.2633333333333354,0,0
2026-03-16,25.8,22.2,15.0,8.9,1.33,3.6000000000000014,70.1,352.8,-5.219999999999999,0,0
2026-03-17,31.6,22.5,13.2,13.1,4.4,9.100000000000001,75.89999999999999,350.5,0.5599999999999987,0,0
2026-03-18,31.9,22.9,9.0,9.2,4.1,9.0,82.89999999999999,348.0,0.836666666666666,0,0
2026-03-19,30.5,23.0,11.1,10.5,3.41,7.5,91.1,342.4,-0.576666666666668,0,0
2026-03-20,30.8,23.7,14.9,7.2,3.82,7.100000000000001,100.8,329.5,-0.22666666666666302,0,0
2026-03-21,29.8,23.1,5.7,13.0,3.56,6.699999999999999,96.1,331.5,-1.2033333333333331,0,0
2026-03-22,30.5,23.0,1.8,11.6,3.34,7.5,70.69999999999999,283.90000000000003,-0.4700000000000024,0,0
2026-03-23,30.7,23.5,0.5,7.2,3.39,7.199999999999999,56.199999999999996,279.5,-0.39333333333333087,0,0
2026-03-24,32.8,23.0,0.1,7.1,5.23,9.799999999999997,43.099999999999994,272.0,1.673333333333332,0,0
2026-03-25,33.5,24.0,0.0,7.9,5.31,9.5,34.099999999999994,244.9,2.3000000000000007,1,0
2026-03-26,33.0,22.9,1.2,16.5,5.13,10.100000000000001,24.199999999999996,231.4,1.6833333333333336,1,0
