date,suhu_max,suhu_min,hujan,angin,suhu_range,hujan_7d,suhu_anomali,ekstrem_dingin,ekstrem_panas
2023-03-27,9.4,0.2,0.3,18.2,9.200000000000001,,,0,0
2023-03-28,9.6,-2.7,0.0,20.4,12.3,,,0,0
2023-03-29,7.7,3.1,2.8,29.1,4.6,,,0,0
2023-03-30,5.4,-1.2,0.0,17.1,6.6000000000000005,,,0,0
2023-03-31,5.3,-3.8,3.5,17.4,9.1,,,0,0
2023-04-01,8.6,-0.3,0.8,18.6,8.9,,,0,0
2023-04-02,9.9,3.5,0.6,25.2,6.4,8.0,,0,0
2023-04-03,13.3,4.1,0.6,11.4,9.200000000000001,8.3,,0,0
2023-04-04,13.4,3.3,0.1,11.0,10.100000000000001,8.4,,0,0
2023-04-05,13.9,2.0,0.0,16.4,11.9,5.6,,0,0
2023-04-06,13.6,1.4,0.0,21.6,12.2,5.6,,0,0
2023-04-07,10.4,-0.3,0.0,18.7,10.700000000000001,2.1,,0,0
2023-04-08,12.1,-1.0,0.0,13.3,13.1,1.3,,0,0
2023-04-09,13.7,1.5,0.1,10.9,12.2,0.8,,0,0
2023-04-10,13.1,1.4,0.3,10.6,11.7,0.5,,0,0
2023-04-11,14.9,2.6,2.8,14.0,12.3,3.1999999999999997,,0,0
2023-04-12,16.8,1.2,0.0,12.1,15.600000000000001,3.1999999999999997,,0,0
2023-04-13,16.4,3.4,0.0,29.2,12.999999999999998,3.1999999999999997,,0,0
2023-04-14,7.4,0.1,0.0,29.0,7.300000000000001,3.1999999999999997,,0,0
2023-04-15,7.8,-1.7,0.0,19.3,9.5,3.1999999999999997,,0,0
2023-04-16,12.2,-0.8,0.1,14.3,13.0,3.1999999999999997,,0,0
2023-04-17,13.6,1.9,0.3,12.0,11.7,3.1999999999999997,,0,0
2023-04-18,14.6,5.3,0.1,15.1,9.3,0.5,,0,0
2023-04-19,15.9,4.7,0.0,20.1,11.2,0.5,,0,0
2023-04-20,16.7,2.9,0.0,18.1,13.799999999999999,0.5,,0,0
2023-04-21,15.6,2.8,0.0,19.5,12.8,0.5,,0,0
2023-04-22,14.9,3.8,0.0,15.3,11.100000000000001,0.5,,0,0
2023-04-23,18.1,4.0,0.0,14.0,14.100000000000001,0.4,,0,0
2023-04-24,20.5,4.0,0.0,19.0,16.5,0.1,,0,0
2023-04-25,17.8,5.9,2.9,14.9,11.9,2.9,5.046666666666667,0,0
2023-04-26,15.9,5.5,6.4,23.0,10.4,9.3,2.9299999999999997,0,0
2023-04-27,19.9,4.3,0.7,15.5,15.599999999999998,10.0,6.586666666666666,0,0
2023-04-28,15.4,5.5,9.5,20.4,9.9,19.5,1.83,0,0
2023-04-29,12.4,2.4,10.5,22.2,10.0,30.0,-1.4033333333333324,0,0
2023-04-30,11.6,0.6,6.0,19.8,11.0,36.0,-2.413333333333334,0,0
2023-05-01,10.8,2.2,0.8,23.6,8.600000000000001,36.8,-3.286666666666667,0,0
2023-05-02,14.1,0.3,0.0,17.2,13.799999999999999,33.9,-0.12666666666666693,0,0
2023-05-03,13.5,4.2,0.8,22.1,9.3,28.3,-0.7333333333333325,0,0
2023-05-04,13.6,1.9,0.0,15.5,11.7,27.6,-0.6400000000000006,0,0
2023-05-05,8.1,0.3,0.2,23.6,7.8,18.3,-5.946666666666665,0,0
2023-05-06,6.7,-1.4,0.4,24.2,8.1,8.2,-7.116666666666666,0,0
2023-05-07,8.2,-2.3,0.4,15.5,10.5,2.6,-5.543333333333335,0,0
2023-05-08,10.2,-1.6,0.4,11.5,11.799999999999999,2.2,-3.4800000000000004,0,0
2023-05-09,12.9,0.6,0.0,8.8,12.3,2.2,-0.7533333333333321,0,0
2023-05-10,15.2,3.2,0.0,10.5,12.0,1.4000000000000001,1.4766666666666648,0,0
2023-05-11,16.8,6.3,0.5,18.8,10.5,1.9000000000000001,3.0133333333333354,0,0
2023-05-12,20.7,5.9,0.0,13.7,14.799999999999999,1.7000000000000002,6.783333333333333,0,0
2023-05-13,21.9,8.6,0.0,20.1,13.299999999999999,1.3,7.799999999999999,0,0
2023-05-14,17.2,6.2,0.0,16.4,11.0,0.9000000000000001,2.7733333333333317,0,0
2023-05-15,18.2,4.2,0.0,9.3,14.0,0.49999999999999994,3.426666666666666,0,0
2023-05-16,19.6,8.6,0.0,19.5,11.000000000000002,0.5,4.58,0,0
2023-05-17,22.9,8.1,0.0,13.7,14.799999999999999,0.5,7.5699999999999985,0,0
2023-05-18,24.5,9.9,0.0,23.4,14.6,0.0,8.840000000000002,0,0
2023-05-19,16.9,7.6,3.1,20.4,9.299999999999999,3.1,1.2066666666666652,0,0
2023-05-20,14.2,7.6,5.3,20.6,6.6,8.4,-1.410000000000002,0,0
2023-05-21,16.5,7.9,2.4,16.2,8.6,10.799999999999999,0.8600000000000012,0,0
2023-05-22,20.8,7.1,2.0,11.8,13.700000000000001,12.799999999999999,4.963333333333333,0,0
2023-05-23,19.5,9.9,1.7,19.2,9.6,14.5,3.616666666666667,0,0
2023-05-24,21.4,12.9,0.8,10.9,8.499999999999998,15.299999999999999,5.486666666666666,0,0
2023-05-25,20.2,13.0,3.7,11.3,7.199999999999999,19.0,4.206666666666667,0,0
2023-05-26,24.4,10.9,0.0,11.3,13.499999999999998,15.9,8.123333333333331,0,0
2023-05-27,21.4,10.1,0.0,25.7,11.299999999999999,10.6,5.073333333333331,0,0
2023-05-28,16.5,8.2,5.0,20.9,8.3,13.2,0.13666666666666671,0,0
2023-05-29,20.2,7.4,0.0,14.3,12.799999999999999,11.2,3.576666666666668,0,0
2023-05-30,21.0,7.9,0.0,13.0,13.1,9.5,4.063333333333336,0,0
2023-05-31,12.9,7.3,8.8,22.5,5.6000000000000005,17.5,-4.106666666666667,0,0
2023-06-01,20.5,5.7,0.0,24.3,14.8,13.8,3.2799999999999976,0,0
2023-06-02,23.5,8.1,3.6,19.7,15.4,17.400000000000002,5.946666666666665,0,0
2023-06-03,10.9,5.2,8.7,25.8,5.7,26.1,-6.563333333333331,0,0
2023-06-04,14.1,3.9,0.3,18.0,10.2,21.4,-3.5633333333333344,0,0
2023-06-05,17.5,6.8,1.1,19.9,10.7,22.5,-0.5233333333333334,0,0
2023-06-06,19.2,7.1,0.0,16.8,12.1,22.5,0.8100000000000023,0,0
2023-06-07,21.9,9.3,0.0,24.0,12.599999999999998,13.7,3.119999999999994,0,0
2023-06-08,22.2,11.2,0.0,11.4,11.0,13.7,3.110000000000003,0,0
2023-06-09,23.4,10.8,0.1,23.6,12.599999999999998,10.2,4.036666666666665,0,0
2023-06-10,16.4,7.9,0.0,21.7,8.499999999999998,1.5000000000000002,-2.950000000000003,0,0
2023-06-11,16.4,6.2,0.0,21.2,10.2,1.2000000000000002,-2.8066666666666684,0,0
2023-06-12,18.3,7.2,0.0,24.6,11.100000000000001,0.1,-0.7866666666666653,0,0
2023-06-13,20.8,8.2,0.0,21.1,12.600000000000001,0.1,1.5933333333333337,0,0
2023-06-14,23.2,7.4,0.0,14.1,15.799999999999999,0.1,3.826666666666668,0,0
2023-06-15,25.3,10.8,0.0,16.7,14.5,0.1,5.736666666666665,0,1
2023-06-16,26.6,12.4,0.0,14.3,14.200000000000001,0.0,6.9133333333333375,0,1
2023-06-17,26.2,13.4,0.0,17.7,12.799999999999999,0.0,6.456666666666667,0,1
2023-06-18,24.1,12.8,0.0,19.4,11.3,0.0,4.116666666666667,0,0
2023-06-19,21.6,10.7,0.0,11.5,10.900000000000002,0.0,1.3699999999999974,0,0
2023-06-20,24.2,10.9,0.2,26.4,13.299999999999999,0.2,3.713333333333331,0,0
2023-06-21,21.4,9.4,0.0,15.3,11.999999999999998,0.2,0.8933333333333344,0,0
2023-06-22,24.9,9.9,0.0,18.7,14.999999999999998,0.2,4.213333333333331,0,0
2023-06-23,20.8,12.9,4.3,10.2,7.9,4.5,0.13333333333333286,0,0
2023-06-24,19.0,12.9,0.3,24.4,6.1,4.8,-1.6266666666666652,0,0
2023-06-25,22.9,12.4,0.0,10.2,10.499999999999998,4.8,2.323333333333334,0,0
2023-06-26,23.7,13.1,0.2,15.5,10.6,5.0,3.046666666666667,0,0
2023-06-27,23.2,13.9,0.8,20.2,9.299999999999999,5.6,2.323333333333334,0,0
2023-06-28,20.8,13.8,11.4,23.8,7.0,17.0,-0.09666666666666401,0,0
2023-06-29,20.8,12.8,6.1,23.7,8.0,23.1,-0.0899999999999963,0,0
2023-06-30,18.5,12.3,3.7,14.8,6.199999999999999,22.5,-2.5766666666666644,0,0
2023-07-01,24.4,13.6,0.6,23.4,10.799999999999999,22.799999999999997,3.193333333333335,0,0
2023-07-02,23.1,15.4,0.3,21.7,7.700000000000001,23.099999999999998,1.9066666666666698,0,0
2023-07-03,23.6,13.4,0.4,24.9,10.200000000000001,23.3,1.9833333333333343,0,0
2023-07-04,24.9,11.9,0.0,15.0,12.999999999999998,22.5,2.923333333333332,0,0
2023-07-05,25.4,14.4,0.6,19.2,10.999999999999998,11.7,3.16,0,1
2023-07-06,27.9,14.1,0.0,10.4,13.799999999999999,5.6,5.369999999999994,0,1
2023-07-07,27.9,18.2,9.8,15.6,9.7,11.7,5.169999999999998,0,1
2023-07-08,22.2,14.1,1.1,15.3,8.1,12.2,-0.5300000000000011,0,0
2023-07-09,23.7,13.4,0.0,18.9,10.299999999999999,11.899999999999999,0.9599999999999973,0,0
2023-07-10,20.4,13.9,0.3,28.2,6.499999999999998,11.799999999999999,-2.4733333333333327,0,0
2023-07-11,17.5,12.1,1.5,23.5,5.4,13.299999999999999,-5.41,0,0
2023-07-12,16.4,10.4,0.3,22.7,5.999999999999998,12.999999999999998,-6.446666666666669,0,0
2023-07-13,16.8,12.1,16.6,22.1,4.700000000000001,29.6,-5.91333333333333,0,0
2023-07-14,18.2,13.1,1.1,13.6,5.1,20.900000000000002,-4.346666666666668,0,0
2023-07-15,19.0,13.4,5.3,18.8,5.6,25.1,-3.3366666666666625,0,0
2023-07-16,22.0,12.8,0.8,18.5,9.2,25.9,-0.18333333333333357,0,0
2023-07-17,26.5,13.4,0.0,13.2,13.1,25.6,4.306666666666668,0,1
2023-07-18,26.1,14.9,9.4,23.1,11.200000000000001,33.5,3.8400000000000034,0,1
2023-07-19,19.4,14.0,5.5,38.9,5.399999999999999,38.7,-2.7866666666666653,0,0
2023-07-20,20.8,12.6,0.6,26.0,8.200000000000001,22.700000000000003,-1.2733333333333334,0,0
2023-07-21,20.9,11.7,0.3,20.5,9.2,21.9,-1.1566666666666698,0,0
2023-07-22,22.6,12.4,0.1,21.6,10.200000000000001,16.700000000000003,0.620000000000001,0,0
2023-07-23,21.6,12.9,9.7,22.2,8.700000000000001,25.6,-0.4066666666666663,0,0
2023-07-24,19.1,12.4,2.1,27.4,6.700000000000001,27.7,-2.9099999999999966,0,0
2023-07-25,23.4,12.9,1.2,15.6,10.499999999999998,19.499999999999996,1.3733333333333348,0,0
2023-07-26,23.9,16.4,4.8,25.9,7.5,18.799999999999997,1.8666666666666636,0,0
2023-07-27,24.8,15.1,34.9,17.9,9.700000000000001,53.099999999999994,2.7133333333333347,0,0
2023-07-28,24.6,15.8,7.4,18.4,8.8,60.199999999999996,2.3866666666666703,0,0
2023-07-29,17.2,13.6,12.2,19.8,3.5999999999999996,72.3,-4.893333333333331,0,0
2023-07-30,22.6,12.2,0.4,19.4,10.400000000000002,62.99999999999999,0.370000000000001,0,0
2023-07-31,24.4,13.1,0.0,12.1,11.299999999999999,60.9,2.1699999999999946,0,0
2023-08-01,26.0,13.1,0.0,9.3,12.9,59.699999999999996,3.6733333333333356,0,1
2023-08-02,25.1,14.9,0.4,13.2,10.200000000000001,55.3,2.7233333333333363,0,1
2023-08-03,28.2,16.8,0.1,14.8,11.399999999999999,20.5,5.713333333333331,0,1
2023-08-04,27.5,18.0,0.6,22.3,9.5,13.7,4.943333333333332,0,1
2023-08-05,28.9,16.2,0.0,16.2,12.7,1.5,6.310000000000002,0,1
2023-08-06,30.6,18.0,0.0,15.5,12.600000000000001,1.1,7.920000000000002,0,1
2023-08-07,29.1,19.5,0.0,27.2,9.600000000000001,1.1,6.189999999999998,0,1
2023-08-08,26.0,18.7,3.3,21.1,7.300000000000001,4.4,3.013333333333332,0,1
2023-08-09,24.9,16.3,0.4,17.9,8.599999999999998,4.3999999999999995,1.7633333333333319,0,0
2023-08-10,24.5,14.6,0.0,13.1,9.9,4.3,1.129999999999999,0,0
2023-08-11,26.0,15.1,7.0,20.2,10.9,10.7,2.3099999999999987,0,1
2023-08-12,24.0,18.2,5.7,30.3,5.800000000000001,16.4,0.07000000000000028,0,0
2023-08-13,19.8,15.7,5.1,24.9,4.100000000000001,21.5,-4.183333333333334,0,0
2023-08-14,24.1,15.2,1.0,24.5,8.900000000000002,22.5,-0.05333333333333101,0,0
2023-08-15,25.0,15.4,0.9,17.6,9.6,20.099999999999998,0.7466666666666661,0,0
2023-08-16,25.5,14.6,0.0,15.7,10.9,19.7,1.2799999999999976,0,1
2023-08-17,26.5,13.9,0.0,8.2,12.6,19.7,2.2666666666666657,0,1
2023-08-18,28.4,15.6,0.8,14.5,12.799999999999999,13.5,3.8666666666666636,0,1
2023-08-19,27.1,17.0,0.0,10.7,10.100000000000001,7.799999999999999,2.356666666666669,0,1
2023-08-20,25.5,16.9,12.7,14.8,8.600000000000001,15.399999999999999,0.6033333333333353,0,1
2023-08-21,20.8,12.8,0.0,15.7,8.0,14.399999999999999,-4.036666666666665,0,0
2023-08-22,19.5,11.1,0.1,10.1,8.4,13.599999999999998,-5.266666666666666,0,0
2023-08-23,19.6,12.0,1.8,21.1,7.600000000000001,15.399999999999999,-5.183333333333334,0,0
2023-08-24,17.0,11.6,1.0,12.1,5.4,16.4,-7.569999999999997,0,0
2023-08-25,18.9,9.0,0.0,8.0,9.899999999999999,15.6,-5.503333333333334,0,0
2023-08-26,18.8,8.1,0.2,16.6,10.700000000000001,15.799999999999999,-5.403333333333332,0,0
2023-08-27,21.0,10.6,0.0,10.3,10.4,3.1,-3.083333333333332,0,0
2023-08-28,20.3,10.6,0.0,12.6,9.700000000000001,3.1,-3.886666666666663,0,0
2023-08-29,17.2,9.9,1.0,11.7,7.299999999999999,4.0,-6.806666666666668,0,0
2023-08-30,20.4,11.9,0.0,9.7,8.499999999999998,2.2,-3.4733333333333327,0,0
2023-08-31,24.9,11.8,0.0,15.6,13.099999999999998,1.2,1.0633333333333326,0,0
2023-09-01,26.5,14.4,0.0,14.3,12.1,1.2,2.616666666666667,0,1
2023-09-02,20.5,14.1,7.2,11.5,6.4,8.2,-3.126666666666665,0,0
2023-09-03,21.9,12.2,0.0,10.2,9.7,8.2,-1.5400000000000027,0,0
2023-09-04,21.5,11.0,0.4,12.2,10.5,8.6,-1.6933333333333316,0,0
2023-09-05,21.4,10.6,0.0,13.2,10.799999999999999,7.6000000000000005,-1.4866666666666681,0,0
2023-09-06,21.3,10.4,0.1,30.0,10.9,7.7,-1.3266666666666644,0,0
2023-09-07,16.2,8.2,0.0,27.7,8.0,7.7,-6.100000000000001,0,0
2023-09-08,14.6,7.2,0.6,29.8,7.3999999999999995,8.3,-7.356666666666664,0,0
2023-09-09,16.4,6.2,0.0,23.8,10.2,1.1,-5.286666666666669,0,0
2023-09-10,18.2,8.2,0.0,13.0,10.0,1.1,-3.2266666666666666,0,0
2023-09-11,19.1,6.4,0.0,8.8,12.700000000000001,0.7,-2.1633333333333304,0,0
2023-09-12,19.0,6.6,0.0,10.1,12.4,0.7,-2.236666666666668,0,0
2023-09-13,19.6,6.8,0.0,10.4,12.8,0.6,-1.4866666666666646,0,0
2023-09-14,19.6,6.7,0.0,13.4,12.900000000000002,0.6,-1.3066666666666684,0,0
2023-09-15,20.2,8.4,0.2,11.7,11.799999999999999,0.2,-0.5300000000000011,0,0
2023-09-16,16.1,7.2,0.0,18.8,8.900000000000002,0.2,-4.283333333333331,0,0
2023-09-17,17.3,6.0,0.0,14.9,11.3,0.2,-2.7133333333333347,0,0
2023-09-18,18.1,7.9,0.1,17.8,10.200000000000001,0.30000000000000004,-1.6133333333333297,0,0
2023-09-19,20.6,8.1,0.7,16.4,12.500000000000002,1.0,1.0500000000000007,0,0
2023-09-20,23.4,12.2,1.1,23.6,11.2,2.1,3.7633333333333354,0,0
2023-09-21,19.6,13.9,3.8,14.0,5.700000000000001,5.9,-0.039999999999995595,0,0
2023-09-22,24.0,11.6,0.0,17.4,12.4,5.699999999999999,4.213333333333331,0,0
2023-09-23,23.5,12.7,0.0,24.3,10.8,5.699999999999999,3.496666666666666,0,0
2023-09-24,24.1,13.1,0.2,22.4,11.000000000000002,5.8999999999999995,3.9233333333333356,0,0
2023-09-25,19.1,8.4,0.8,13.9,10.700000000000001,6.6,-1.086666666666666,0,0
2023-09-26,17.0,6.3,0.0,8.0,10.7,5.9,-3.0533333333333346,0,0
2023-09-27,18.8,5.8,0.0,10.3,13.0,4.800000000000001,-1.2033333333333331,0,0
2023-09-28,20.8,8.1,0.0,18.4,12.700000000000001,1.0,0.6766666666666659,0,0
2023-09-29,22.6,10.9,0.0,13.0,11.700000000000001,1.0,2.403333333333336,0,0
2023-09-30,21.8,11.1,0.0,23.5,10.700000000000001,1.0,1.7066666666666634,0,0
2023-10-01,17.1,9.6,2.4,20.3,7.500000000000002,3.2,-2.6800000000000033,0,0
2023-10-02,13.6,7.3,0.2,14.7,6.3,2.6,-5.950000000000001,0,0
2023-10-03,15.4,6.1,0.0,24.4,9.3,2.5999999999999996,-3.933333333333332,0,0
2023-10-04,17.2,9.3,0.9,39.0,7.899999999999999,3.4999999999999996,-1.9899999999999984,0,0
2023-10-05,14.1,8.0,0.7,25.8,6.1,4.2,-4.846666666666666,0,0
2023-10-06,12.3,3.1,4.4,37.6,9.200000000000001,8.600000000000001,-6.346666666666664,0,0
2023-10-07,10.1,0.2,13.5,33.8,9.9,22.1,-8.343333333333332,0,0
2023-10-08,5.3,1.5,7.9,39.2,3.8,27.6,-12.833333333333336,0,0
2023-10-09,4.5,1.5,1.6,30.6,3.0,29.0,-13.236666666666668,0,0
2023-10-10,3.8,0.8,1.0,22.7,3.0,30.0,-13.456666666666667,0,0
2023-10-11,6.8,-1.5,0.7,34.4,8.3,29.8,-10.046666666666667,0,0
2023-10-12,12.2,5.8,4.4,40.5,6.3999999999999995,33.5,-4.420000000000002,0,0
2023-10-13,12.1,5.2,0.0,32.5,6.8999999999999995,29.1,-4.270000000000001,0,0
2023-10-14,13.8,5.1,2.5,32.4,8.700000000000001,18.1,-2.376666666666665,0,0
2023-10-15,13.4,6.7,9.1,24.2,6.7,19.299999999999997,-2.549999999999999,0,0
2023-10-16,7.6,4.0,6.3,18.7,3.5999999999999996,23.999999999999996,-8.066666666666666,0,0
2023-10-17,5.5,1.4,3.2,32.8,4.1,26.199999999999996,-9.773333333333333,0,0
2023-10-18,5.9,1.5,1.2,21.4,4.4,26.7,-8.966666666666667,0,0
2023-10-19,5.7,3.8,4.5,9.8,1.9000000000000004,26.8,-8.670000000000002,0,0
2023-10-20,5.2,1.9,0.9,18.7,3.3000000000000003,27.7,-8.563333333333333,0,0
2023-10-21,4.9,-2.8,0.1,21.1,7.7,25.3,-8.373333333333335,0,0
2023-10-22,3.6,-1.5,3.2,16.1,5.1,19.4,-8.993333333333334,0,0
2023-10-23,6.2,1.2,10.2,21.1,5.0,23.299999999999997,-5.816666666666667,0,0
2023-10-24,2.3,-1.2,0.5,18.7,3.5,20.599999999999998,-8.989999999999998,0,0
2023-10-25,0.8,-2.8,0.0,13.4,3.5999999999999996,19.4,-9.879999999999999,0,0
2023-10-26,0.7,-3.7,2.1,26.4,4.4,17.0,-9.436666666666666,0,0
2023-10-27,-0.4,-3.0,8.5,22.4,2.6,24.599999999999994,-9.896666666666668,0,0
2023-10-28,0.1,-1.7,11.4,20.3,1.8,35.9,-8.706666666666667,0,0
2023-10-29,0.6,-1.1,0.4,18.0,1.7000000000000002,33.099999999999994,-7.473333333333333,0,0
2023-10-30,6.3,-4.3,14.7,22.7,10.6,37.6,-1.2566666666666677,0,0
2023-10-31,10.2,5.2,1.5,18.8,4.999999999999999,38.6,2.873333333333332,0,0
2023-11-01,14.5,9.0,0.1,27.4,5.5,38.7,7.1433333333333335,0,0
2023-11-02,11.0,0.1,13.1,25.0,10.9,49.699999999999996,3.79,0,0
2023-11-03,5.7,-1.1,0.0,15.1,6.800000000000001,41.199999999999996,-1.126666666666666,0,0
2023-11-04,7.5,-1.8,1.2,27.3,9.3,31.0,0.8933333333333335,0,0
2023-11-05,11.3,7.2,9.0,33.7,4.1000000000000005,39.599999999999994,4.7266666666666675,0,0
2023-11-06,10.4,6.9,4.6,25.8,3.5,29.499999999999996,3.8166666666666673,0,0
2023-11-07,9.1,5.8,0.9,23.3,3.3,28.899999999999995,2.3899999999999997,0,0
2023-11-08,7.8,0.7,0.0,18.9,7.1,28.799999999999994,0.9799999999999986,0,0
2023-11-09,6.8,-0.2,0.0,15.5,7.0,15.699999999999998,-0.1200000000000001,0,0
2023-11-10,6.4,2.1,0.0,17.3,4.300000000000001,15.699999999999998,-0.5066666666666659,0,0
2023-11-11,6.2,1.2,0.0,19.3,5.0,14.499999999999998,-0.5066666666666659,0,0
2023-11-12,7.6,2.2,9.8,26.9,5.3999999999999995,15.299999999999999,1.0433333333333321,0,0
2023-11-13,5.7,2.1,2.9,29.1,3.6,13.6,-0.586666666666666,0,0
2023-11-14,3.9,2.0,4.1,26.6,1.9,16.799999999999997,-2.07,0,0
2023-11-15,3.5,-1.9,0.0,10.9,5.4,16.799999999999997,-2.333333333333333,0,0
2023-11-16,1.4,-2.2,0.2,14.8,3.6,17.0,-4.296666666666667,0,0
2023-11-17,-2.2,-7.7,0.0,14.0,5.5,17.0,-7.626666666666666,0,0
2023-11-18,-4.2,-8.4,0.0,7.8,4.2,17.0,-9.296666666666667,0,0
2023-11-19,-5.4,-8.9,0.0,6.9,3.5,7.199999999999998,-10.143333333333334,0,0
2023-11-20,-5.3,-8.3,0.5,18.2,3.000000000000001,4.799999999999999,-9.703333333333333,0,0
2023-11-21,-6.5,-9.1,0.3,19.6,2.5999999999999996,0.9999999999999991,-10.566666666666666,0,0
2023-11-22,-6.8,-9.0,0.2,22.4,2.2,1.199999999999999,-10.433333333333334,0,0
2023-11-23,-6.6,-8.3,3.3,26.9,1.700000000000001,4.299999999999999,-9.936666666666666,0,0
2023-11-24,-5.6,-7.2,3.1,17.4,1.6000000000000005,7.399999999999999,-8.723333333333333,0,0
2023-11-25,-5.3,-7.2,1.5,13.0,1.9000000000000004,8.899999999999999,-8.223333333333333,0,0
2023-11-26,-4.8,-7.5,5.2,29.6,2.7,14.1,-7.576666666666666,0,0
2023-11-27,2.1,-5.4,14.1,29.8,7.5,27.7,-0.7433333333333332,0,0
2023-11-28,-4.2,-11.1,0.9,23.6,6.8999999999999995,28.299999999999997,-6.883333333333333,1,0
2023-11-29,-1.6,-15.4,2.3,35.3,13.8,30.4,-4.0200000000000005,1,0
2023-11-30,0.2,-6.6,2.8,34.3,6.8,29.9,-1.886666666666667,0,0
2023-12-01,-3.6,-7.0,1.9,21.4,3.4,28.7,-5.083333333333334,0,0
2023-12-02,-5.0,-7.9,0.4,13.9,2.9000000000000004,27.6,-5.95,0,0
2023-12-03,-5.2,-6.8,9.5,24.9,1.5999999999999996,31.9,-5.786666666666667,0,0
2023-12-04,-6.2,-14.1,0.1,24.7,7.8999999999999995,17.9,-6.33,1,0
2023-12-05,-9.9,-17.2,0.3,12.0,7.299999999999999,17.3,-9.323333333333334,1,0
2023-12-06,-11.7,-16.8,0.0,6.5,5.100000000000001,15.0,-10.386666666666667,1,0
2023-12-07,-10.9,-14.6,0.0,14.1,3.6999999999999993,12.2,-8.92,1,0
2023-12-08,-13.2,-15.3,0.0,21.9,2.1000000000000014,10.3,-10.52,1,0
2023-12-09,-12.4,-15.7,1.9,22.7,3.299999999999999,11.8,-9.08,1,0
2023-12-10,-8.9,-14.2,2.6,24.2,5.299999999999999,4.9,-5.07,1,0
2023-12-11,-6.5,-9.6,3.2,26.8,3.0999999999999996,8.0,-2.246666666666666,0,0
2023-12-12,-5.0,-8.5,3.4,29.3,3.5,11.1,-0.3266666666666671,0,0
2023-12-13,-8.6,-12.7,2.7,29.5,4.1,13.8,-3.4499999999999993,1,0
2023-12-14,-8.4,-11.6,10.6,25.2,3.1999999999999993,24.4,-2.84,1,0
2023-12-15,-6.6,-11.9,5.5,26.0,5.300000000000001,29.9,-0.7033333333333331,1,0
2023-12-16,-4.0,-12.1,0.2,23.1,8.1,28.2,2.076666666666666,1,0
2023-12-17,2.3,-7.8,2.6,33.7,10.1,28.2,8.226666666666667,0,0
2023-12-18,1.9,-5.8,0.0,24.9,7.699999999999999,25.0,7.623333333333333,0,0
2023-12-19,3.1,1.0,2.2,35.8,2.1,23.8,8.540000000000001,0,0
2023-12-20,2.7,-1.2,1.1,31.4,3.9000000000000004,22.2,7.873333333333333,0,0
2023-12-21,0.9,-2.6,6.1,21.7,3.5,17.7,5.826666666666666,0,0
2023-12-22,0.9,-2.0,0.3,26.1,2.9,12.5,5.570000000000001,0,0
2023-12-23,1.2,-2.8,1.3,24.3,4.0,13.600000000000001,5.609999999999999,0,0
2023-12-24,-1.8,-10.6,1.7,19.2,8.799999999999999,12.7,2.4833333333333334,1,0
2023-12-25,-2.7,-9.4,1.0,18.1,6.7,13.7,1.4966666666666661,0,0
2023-12-26,0.9,-4.7,1.5,27.4,5.6000000000000005,13.0,4.906666666666667,0,0
2023-12-27,-2.5,-8.7,0.4,15.0,6.199999999999999,12.299999999999999,1.6600000000000001,0,0
2023-12-28,-3.0,-7.2,0.0,20.0,4.2,6.2,1.12,0,0
2023-12-29,1.6,-7.4,4.3,23.0,9.0,10.2,5.613333333333333,0,0
2023-12-30,2.5,0.2,6.3,27.0,2.3,15.2,6.4366666666666665,0,0
2023-12-31,1.2,-13.8,0.9,27.8,15.0,14.4,4.976666666666667,1,0
2024-01-01,-12.3,-19.4,0.0,23.7,7.099999999999998,13.4,-8.280000000000001,1,0
2024-01-02,-19.9,-25.2,0.0,18.4,5.300000000000001,11.9,-15.389999999999997,1,0
2024-01-03,-25.1,-28.8,0.0,13.0,3.6999999999999993,11.5,-19.96,1,0
2024-01-04,-24.6,-29.0,0.0,10.5,4.399999999999999,11.5,-18.970000000000002,1,0
2024-01-05,-20.2,-27.5,0.0,10.6,7.300000000000001,7.2,-14.286666666666667,1,0
2024-01-06,-15.4,-23.0,2.5,11.2,7.6,3.4,-9.336666666666666,1,0
2024-01-07,-22.9,-28.2,0.0,14.0,5.300000000000001,2.5,-16.513333333333332,1,0
2024-01-08,-9.7,-27.5,0.9,22.1,17.8,3.4,-3.4033333333333333,1,0
2024-01-09,-2.2,-10.4,3.2,22.4,8.2,6.6,3.873333333333334,1,0
2024-01-10,-1.4,-12.8,3.9,36.0,11.4,10.5,4.503333333333334,1,0
2024-01-11,0.2,-14.8,4.8,43.0,15.0,15.3,5.930000000000001,1,0
2024-01-12,-11.8,-28.8,0.4,32.8,17.0,15.7,-5.963333333333334,1,0
2024-01-13,-24.1,-31.0,0.0,18.1,6.899999999999999,13.2,-17.740000000000002,1,0
2024-01-14,-5.4,-27.0,1.0,25.6,21.6,14.2,0.919999999999999,1,0
2024-01-15,-1.7,-7.1,2.8,27.3,5.3999999999999995,16.099999999999998,4.543333333333333,0,0
2024-01-16,-2.4,-5.4,0.9,26.9,3.0000000000000004,13.8,4.0,0,0
2024-01-17,-7.2,-16.1,0.1,30.5,8.900000000000002,10.0,-0.49666666666666703,1,0
2024-01-18,0.6,-20.8,11.4,44.3,21.400000000000002,16.6,7.386666666666666,1,0
2024-01-19,0.6,-14.9,0.5,17.7,15.5,16.700000000000003,7.456666666666666,1,0
2024-01-20,-5.2,-16.5,0.0,15.9,11.3,16.700000000000003,1.8599999999999994,1,0
2024-01-21,-11.1,-18.5,0.0,15.3,7.4,15.7,-3.6399999999999997,1,0
2024-01-22,-8.7,-11.4,0.0,41.7,2.700000000000001,12.9,-0.9099999999999993,1,0
2024-01-23,-2.5,-8.4,1.9,38.8,5.9,13.9,5.3133333333333335,0,0
2024-01-24,0.1,-3.6,0.4,27.2,3.7,14.200000000000001,7.819999999999999,0,0
2024-01-25,-0.4,-2.8,3.3,26.1,2.4,6.1,7.363333333333333,0,0
2024-01-26,-2.8,-6.1,3.7,11.7,3.3,9.3,4.973333333333333,0,0
2024-01-27,-5.2,-8.1,1.0,12.8,2.8999999999999995,10.3,2.6466666666666665,0,0
2024-01-28,-4.2,-15.0,0.1,12.4,10.8,10.4,3.839999999999999,1,0
2024-01-29,-1.1,-13.2,0.0,27.1,12.1,10.4,7.0600000000000005,1,0
2024-01-30,0.8,-8.5,0.0,27.4,9.3,8.5,8.973333333333334,0,0
2024-01-31,-1.3,-10.4,0.0,18.0,9.1,8.1,6.506666666666667,1,0
2024-02-01,1.2,-3.2,1.9,20.7,4.4,6.7,8.303333333333333,0,0
2024-02-02,-0.8,-6.3,1.0,30.4,5.5,4.0,5.493333333333333,0,0
2024-02-03,-2.1,-10.1,0.5,25.2,8.0,3.5,3.443333333333334,0,0
2024-02-04,1.2,-3.2,4.7,38.8,4.4,8.1,6.03,0,0
2024-02-05,-2.6,-8.8,0.0,18.5,6.200000000000001,8.100000000000001,1.8033333333333332,0,0
2024-02-06,-3.2,-12.6,0.3,19.8,9.399999999999999,8.4,0.5466666666666669,1,0
2024-02-07,-5.9,-16.8,8.1,32.2,10.9,16.5,-2.2800000000000007,1,0
2024-02-08,-12.0,-17.8,0.0,28.6,5.800000000000001,14.6,-8.053333333333335,1,0
2024-02-09,-10.8,-22.3,0.0,25.2,11.5,13.6,-6.54,1,0
2024-02-10,-16.9,-25.0,0.0,14.8,8.100000000000001,13.1,-12.07,1,0
2024-02-11,-5.8,-18.0,0.0,23.2,12.2,8.4,-1.17,1,0
2024-02-12,-1.5,-6.2,4.5,17.1,4.7,12.9,2.3766666666666665,0,0
2024-02-13,-3.2,-13.3,0.0,22.9,10.100000000000001,12.6,0.603333333333333,1,0
2024-02-14,-9.2,-14.9,0.1,27.3,5.700000000000001,4.6,-5.146666666666666,1,0
2024-02-15,-9.4,-13.1,12.9,28.5,3.6999999999999993,17.5,-5.113333333333334,1,0
2024-02-16,-7.9,-10.2,1.5,17.6,2.299999999999999,19.0,-3.59,0,0
2024-02-17,-0.9,-8.9,0.7,30.6,8.0,19.7,3.4599999999999995,0,0
2024-02-18,0.4,-7.2,4.2,29.5,7.6000000000000005,23.9,4.766666666666667,0,0
2024-02-19,-6.3,-10.8,0.0,17.6,4.500000000000001,19.4,-1.8966666666666665,1,0
2024-02-20,-7.0,-12.2,0.0,18.8,5.199999999999999,19.4,-2.7333333333333334,1,0
2024-02-21,-4.3,-11.9,0.0,23.9,7.6000000000000005,19.299999999999997,-0.17999999999999972,1,0
2024-02-22,-2.0,-5.4,0.6,22.9,3.4000000000000004,7.0,2.1033333333333335,0,0
2024-02-23,1.5,-2.8,0.4,31.7,4.3,5.9,5.556666666666667,0,0
2024-02-24,1.1,-1.9,0.7,32.1,3.0,5.9,5.106666666666667,0,0
2024-02-25,0.6,-2.2,2.3,33.8,2.8000000000000003,4.0,4.493333333333333,0,0
2024-02-26,-1.5,-6.8,0.0,27.7,5.3,4.0,2.2700000000000005,0,0
2024-02-27,0.8,-7.7,0.0,22.6,8.5,4.0,4.403333333333333,0,0
2024-02-28,1.7,-7.8,0.0,25.6,9.5,4.0,5.21,0,0
2024-02-29,1.8,-4.5,0.1,23.3,6.3,3.5,5.276666666666666,0,0
2024-03-01,1.7,-3.2,0.0,10.8,4.9,3.1,5.076666666666667,0,0
2024-03-02,-0.4,-7.6,0.0,15.4,7.199999999999999,2.4000000000000004,3.03,0,0
2024-03-03,1.8,-11.9,0.0,15.1,13.700000000000001,0.10000000000000045,5.1433333333333335,1,0
2024-03-04,0.9,-12.2,0.0,13.8,13.1,0.10000000000000045,4.1433333333333335,1,0
2024-03-05,-0.1,-11.2,0.0,23.7,11.1,0.10000000000000045,3.186666666666667,1,0
2024-03-06,-3.2,-15.8,0.0,12.5,12.600000000000001,0.10000000000000045,0.10666666666666647,1,0
2024-03-07,1.7,-16.5,0.0,15.9,18.2,0.0,4.843333333333333,1,0
2024-03-08,-0.8,-9.9,0.3,25.6,9.1,0.30000000000000043,2.173333333333334,0,0
2024-03-09,-3.1,-13.0,0.0,25.9,9.9,0.30000000000000043,-0.42333333333333334,1,0
2024-03-10,-4.1,-15.0,0.0,16.5,10.9,0.30000000000000043,-1.646666666666666,1,0
2024-03-11,1.2,-13.9,0.0,25.5,15.1,0.30000000000000043,3.05,1,0
2024-03-12,2.0,-10.2,0.0,21.0,12.2,0.30000000000000043,3.59,0,0
2024-03-13,1.5,-11.4,0.0,18.6,12.9,0.30000000000000043,2.99,1,0
2024-03-14,2.9,-10.3,0.0,21.1,13.200000000000001,0.30000000000000043,4.1866666666666665,1,0
2024-03-15,3.3,-6.4,0.0,21.4,9.7,0.0,4.17,0,0
2024-03-16,4.3,-5.0,0.0,17.1,9.3,0.0,4.713333333333333,0,0
2024-03-17,3.8,-6.1,0.1,16.4,9.899999999999999,0.10000000000000045,3.8233333333333333,0,0
2024-03-18,2.9,-1.6,0.0,13.9,4.5,0.10000000000000045,2.7966666666666664,0,0
2024-03-19,2.2,-5.2,0.0,15.8,7.4,0.10000000000000045,2.0366666666666666,0,0
2024-03-20,2.0,-7.5,0.0,11.7,9.5,0.10000000000000045,1.56,0,0
2024-03-21,3.8,-9.2,0.0,14.8,13.0,0.10000000000000045,3.0,0,0
2024-03-22,4.5,-9.4,0.0,23.7,13.9,0.10000000000000045,3.4066666666666667,0,0
2024-03-23,3.5,-1.0,4.4,30.4,4.5,4.500000000000001,2.2233333333333336,0,0
2024-03-24,4.7,-1.2,2.1,23.5,5.9,6.500000000000002,3.316666666666667,0,0
2024-03-25,3.0,-5.8,0.0,19.1,8.8,6.500000000000002,1.5533333333333335,0,0
2024-03-26,3.3,-3.3,0.0,11.1,6.6,6.500000000000002,1.7633333333333334,0,0
2024-03-27,5.8,-4.6,0.0,11.7,10.399999999999999,6.500000000000002,4.02,0,0
2024-03-28,5.5,-6.1,0.0,16.5,11.6,6.500000000000002,3.5633333333333335,0,0
2024-03-29,6.8,2.0,0.2,17.6,4.8,6.700000000000001,4.693333333333333,0,0
2024-03-30,10.9,2.2,1.5,21.3,8.7,3.8000000000000007,8.49,0,0
2024-03-31,15.4,1.4,0.0,15.0,14.0,1.7000000000000008,12.533333333333333,0,0
2024-04-01,19.1,7.3,0.0,23.1,11.8,1.7000000000000008,15.583333333333336,0,0
2024-04-02,21.9,7.9,0.0,18.7,13.999999999999998,1.7000000000000008,17.71333333333333,0,0
2024-04-03,16.0,4.7,0.4,44.4,11.3,2.100000000000001,11.31,0,0
2024-04-04,5.4,-2.3,0.8,24.0,7.7,2.900000000000001,0.5266666666666673,0,0
2024-04-05,3.5,-4.7,0.0,16.4,8.2,2.7000000000000006,-1.5966666666666667,0,0
2024-04-06,7.9,-2.5,0.2,16.4,10.4,1.400000000000001,2.5966666666666676,0,0
2024-04-07,14.8,-0.1,0.2,15.9,14.9,1.600000000000001,8.976666666666667,0,0
2024-04-08,17.8,5.9,1.2,25.4,11.9,2.8000000000000007,11.280000000000001,0,0
2024-04-09,18.5,8.3,3.4,18.3,10.2,6.200000000000001,11.226666666666667,0,0
2024-04-10,20.1,7.2,0.0,17.7,12.900000000000002,5.800000000000001,12.196666666666667,0,0
2024-04-11,17.5,6.9,0.0,22.9,10.6,5.000000000000001,9.08,0,0
2024-04-12,15.0,6.5,0.1,33.9,8.5,5.1000000000000005,6.129999999999999,0,0
2024-04-13,13.1,3.5,0.0,15.1,9.6,4.9,3.8900000000000006,0,0
2024-04-14,13.5,3.8,2.4,26.8,9.7,7.100000000000001,3.9499999999999993,0,0
2024-04-15,9.9,3.7,2.6,32.7,6.2,8.500000000000002,0.16333333333333222,0,0
2024-04-16,12.7,4.8,0.5,22.5,7.8999999999999995,5.600000000000001,2.666666666666666,0,0
2024-04-17,12.1,3.8,5.4,16.6,8.3,11.000000000000002,1.759999999999998,0,0
2024-04-18,9.1,2.4,7.2,24.0,6.699999999999999,18.200000000000003,-1.4700000000000006,0,0
2024-04-19,15.1,1.5,3.5,38.6,13.6,21.6,4.093333333333332,0,0
2024-04-20,10.9,0.2,2.1,22.0,10.700000000000001,23.7,-0.3433333333333337,0,0
2024-04-21,16.0,3.6,0.0,36.8,12.4,21.3,4.373333333333333,0,0
2024-04-22,16.1,5.4,0.9,29.5,10.700000000000001,19.6,4.053333333333333,0,0
2024-04-23,12.9,3.5,0.0,19.4,9.4,19.1,0.5800000000000001,0,0
2024-04-24,13.8,0.6,0.0,22.2,13.200000000000001,13.700000000000003,1.1199999999999992,0,0
2024-04-25,19.4,7.9,1.0,26.6,11.499999999999998,7.500000000000002,6.183333333333332,0,0
2024-04-26,21.5,10.3,2.1,19.9,11.2,6.100000000000001,7.76,0,0
2024-04-27,14.2,5.7,16.1,23.7,8.5,20.1,0.16999999999999815,0,0
2024-04-28,15.4,4.3,0.0,10.8,11.100000000000001,20.1,1.083333333333334,0,0
2024-04-29,18.0,4.4,0.0,14.8,13.6,19.2,3.4466666666666654,0,0
2024-04-30,21.2,8.2,0.0,25.9,13.0,19.2,6.453333333333333,0,0
2024-05-01,18.3,5.8,0.1,20.7,12.5,19.3,3.58,0,0
2024-05-02,11.3,4.8,0.0,19.4,6.500000000000001,18.3,-3.0666666666666664,0,0
2024-05-03,8.9,-0.2,0.0,19.8,9.1,16.200000000000003,-5.229999999999999,0,0
2024-05-04,13.4,-0.8,0.8,16.2,14.200000000000001,0.9,-0.9966666666666679,0,0
2024-05-05,11.9,1.6,1.8,34.3,10.3,2.7,-2.7766666666666673,0,0
2024-05-06,9.9,2.0,0.1,20.5,7.9,2.8,-4.843333333333332,0,0
2024-05-07,3.1,1.5,11.3,25.3,1.6,14.100000000000001,-11.253333333333334,0,0
2024-05-08,5.4,-1.0,3.9,29.0,6.4,17.900000000000002,-8.54,0,0
2024-05-09,5.4,-1.6,1.1,32.0,7.0,19.0,-8.103333333333333,0,0
2024-05-10,12.0,0.9,3.2,26.4,11.1,22.200000000000003,-1.2333333333333325,0,0
2024-05-11,10.6,1.8,1.4,24.3,8.799999999999999,22.8,-2.4033333333333324,0,0
2024-05-12,5.8,0.1,0.1,17.3,5.7,21.1,-6.896666666666666,0,0
2024-05-13,9.4,-1.0,0.0,13.1,10.4,21.000000000000004,-3.173333333333334,0,0
2024-05-14,11.6,-0.2,0.1,8.7,11.799999999999999,9.8,-0.9100000000000001,0,0
2024-05-15,15.7,1.2,0.1,12.6,14.5,6.0,2.996666666666668,0,0
2024-05-16,20.0,5.6,0.2,16.4,14.4,5.1000000000000005,7.053333333333335,0,0
2024-05-17,20.0,9.3,0.8,18.3,10.7,2.7,6.790000000000001,0,0
2024-05-18,19.1,7.1,0.0,15.3,12.000000000000002,1.3,5.556666666666668,0,0
2024-05-19,18.9,6.1,0.0,12.3,12.799999999999999,1.2,5.23,0,0
2024-05-20,23.5,8.9,0.0,16.7,14.6,1.2,9.41,0,0
2024-05-21,23.2,12.1,7.1,13.5,11.1,8.2,8.869999999999997,0,0
2024-05-22,21.6,10.1,0.0,17.9,11.500000000000002,8.1,7.08666666666667,0,0
2024-05-23,18.9,8.1,0.0,15.9,10.799999999999999,7.8999999999999995,4.186666666666664,0,0
2024-05-24,20.5,6.4,0.0,11.5,14.1,7.1,5.563333333333333,0,0
2024-05-25,23.1,8.1,0.0,15.6,15.000000000000002,7.1,8.040000000000001,0,0
2024-05-26,23.0,10.1,4.6,23.5,12.9,11.7,7.889999999999999,0,0
2024-05-27,22.4,10.5,0.0,12.1,11.899999999999999,11.7,7.016666666666666,0,0
2024-05-28,25.1,10.0,0.0,9.9,15.100000000000001,4.6,9.393333333333334,0,1
2024-05-29,27.2,12.6,0.0,16.2,14.6,4.6,11.186666666666667,0,1
2024-05-30,28.0,14.3,0.0,15.3,13.7,4.6,11.760000000000002,0,1
2024-05-31,28.8,13.6,0.0,22.0,15.200000000000001,4.6,12.21,0,1
2024-06-01,29.6,15.6,0.1,16.3,14.000000000000002,4.699999999999999,12.400000000000002,0,1
2024-06-02,27.5,14.6,2.9,16.3,12.9,3.0,9.68,0,1
2024-06-03,24.4,15.6,1.0,22.2,8.799999999999999,4.0,6.213333333333331,0,0
2024-06-04,24.6,14.1,0.8,23.5,10.500000000000002,4.8,5.990000000000002,0,0
2024-06-05,26.2,15.2,0.0,13.5,11.0,4.8,7.04666666666667,0,1
2024-06-06,25.1,15.9,4.3,9.7,9.200000000000001,9.1,5.213333333333338,0,1
2024-06-07,23.1,15.6,1.3,25.7,7.500000000000002,10.4,2.623333333333335,0,0
2024-06-08,23.0,14.7,0.4,21.1,8.3,10.7,1.9366666666666674,0,0
2024-06-09,22.1,12.1,0.0,14.6,10.000000000000002,7.8,0.7000000000000028,0,0
2024-06-10,23.8,11.6,4.8,26.3,12.200000000000001,11.6,1.9600000000000044,0,0
2024-06-11,25.5,17.0,11.5,29.5,8.5,22.299999999999997,3.003333333333334,0,1
2024-06-12,26.5,16.9,21.8,23.9,9.600000000000001,44.1,3.4333333333333336,0,1
2024-06-13,23.6,15.8,7.2,22.8,7.800000000000001,47.00000000000001,0.1333333333333364,0,0
2024-06-14,22.2,14.1,0.2,26.0,8.1,45.9,-1.4833333333333343,0,0
2024-06-15,24.2,13.2,0.0,9.5,11.0,45.5,0.3766666666666687,0,0
2024-06-16,25.1,14.2,4.9,20.6,10.900000000000002,50.400000000000006,1.1066666666666691,0,1
2024-06-17,25.0,17.5,22.1,23.7,7.5,67.7,0.8099999999999987,0,0
2024-06-18,23.5,16.7,3.1,25.1,6.800000000000001,59.300000000000004,-0.8433333333333302,0,0
2024-06-19,24.5,15.3,0.2,20.0,9.2,37.7,0.12333333333333485,0,0
2024-06-20,23.5,13.6,12.4,35.8,9.9,42.900000000000006,-0.8866666666666667,0,0
2024-06-21,20.8,12.3,0.0,26.9,8.5,42.7,-3.5600000000000023,0,0
2024-06-22,21.4,12.0,0.0,20.4,9.399999999999999,42.7,-3.0433333333333366,0,0
2024-06-23,21.5,11.3,0.0,12.5,10.2,37.800000000000004,-2.97666666666667,0,0
2024-06-24,20.3,10.8,0.3,16.2,9.5,16.0,-4.083333333333332,0,0
2024-06-25,22.1,10.5,0.0,25.5,11.600000000000001,12.900000000000002,-2.253333333333334,0,0
2024-06-26,21.9,14.2,0.2,25.0,7.699999999999999,12.9,-2.4366666666666674,0,0
2024-06-27,24.6,12.6,0.0,21.6,12.000000000000002,0.5,0.28000000000000114,0,0
2024-06-28,26.6,12.9,0.0,10.8,13.700000000000001,0.5,2.3000000000000007,0,1
2024-06-29,29.5,17.2,0.3,11.7,12.3,0.8,5.149999999999999,0,1
2024-06-30,29.5,18.2,0.0,15.6,11.3,0.8,5.126666666666665,0,1
2024-07-01,30.2,18.4,0.0,14.7,11.8,0.49999999999999994,5.806666666666668,0,1
2024-07-02,30.5,20.3,0.0,19.8,10.2,0.5,6.006666666666668,0,1
2024-07-03,32.2,19.8,0.8,29.6,12.400000000000002,1.1,7.446666666666669,0,1
2024-07-04,32.7,18.2,0.0,19.3,14.500000000000004,1.1,7.676666666666669,0,1
2024-07-05,28.9,18.1,27.7,27.9,10.799999999999997,28.8,3.7866666666666653,0,1
2024-07-06,22.9,14.1,0.6,22.4,8.799999999999999,29.1,-2.140000000000004,0,0
2024-07-07,26.0,12.2,0.0,10.1,13.8,29.1,0.8633333333333333,0,1
2024-07-08,27.8,13.3,0.0,12.1,14.5,29.1,2.503333333333334,0,1
2024-07-09,30.1,16.0,0.0,24.0,14.100000000000001,29.1,4.536666666666669,0,1
2024-07-10,26.8,15.9,0.5,16.7,10.9,28.8,1.1366666666666632,0,1
2024-07-11,27.5,13.8,0.0,12.7,13.7,28.8,1.769999999999996,0,1
2024-07-12,28.8,15.4,0.0,11.2,13.4,1.1,2.9933333333333323,0,1
2024-07-13,29.7,17.4,0.2,11.5,12.3,0.7,3.6899999999999977,0,1
2024-07-14,30.5,20.4,0.3,10.1,10.100000000000001,1.0,4.213333333333331,0,1
2024-07-15,29.4,19.4,1.1,12.1,10.0,2.1,2.9399999999999977,0,1
2024-07-16,29.5,19.6,1.2,14.8,9.899999999999999,3.3,2.893333333333331,0,1
2024-07-17,29.5,18.5,0.0,9.7,11.0,2.8,2.7433333333333323,0,1
2024-07-18,27.8,20.5,2.7,16.1,7.300000000000001,5.5,0.9000000000000021,0,1
2024-07-19,24.2,17.6,3.5,16.4,6.599999999999998,9.0,-2.6900000000000013,0,0
2024-07-20,23.9,16.0,1.5,16.3,7.899999999999999,10.3,-3.003333333333334,0,0
2024-07-21,23.9,15.3,1.5,13.5,8.599999999999998,11.5,-3.1066666666666656,0,0
2024-07-22,22.6,14.5,9.4,19.7,8.100000000000001,19.8,-4.446666666666665,0,0
2024-07-23,23.1,13.9,0.0,16.3,9.200000000000001,18.6,-4.0,0,0
2024-07-24,25.4,11.6,0.0,12.1,13.799999999999999,18.6,-1.870000000000001,0,1
2024-07-25,25.0,14.7,6.4,18.6,10.3,22.3,-2.366666666666667,0,0
2024-07-26,24.0,12.5,0.0,11.2,11.5,18.8,-3.4366666666666674,0,0
2024-07-27,27.2,11.9,0.0,17.6,15.299999999999999,17.3,-0.32333333333333414,0,1
2024-07-28,26.0,16.6,5.7,21.2,9.399999999999999,21.5,-1.5033333333333339,0,1
2024-07-29,22.0,15.1,12.6,23.5,6.9,24.700000000000003,-5.253333333333334,0,0
2024-07-30,22.5,12.2,0.5,23.8,10.3,25.200000000000003,-4.52,0,0
2024-07-31,19.6,13.4,1.4,21.4,6.200000000000001,26.6,-7.066666666666666,0,0
2024-08-01,20.5,13.4,5.9,19.9,7.1,26.1,-5.833333333333332,0,0
2024-08-02,21.4,12.6,1.4,19.2,8.799999999999999,27.500000000000004,-4.573333333333338,0,0
2024-08-03,22.7,13.2,0.6,12.6,9.5,28.099999999999998,-2.9399999999999977,0,0
2024-08-04,23.2,13.2,1.9,14.7,10.0,24.3,-2.25,0,0
2024-08-05,23.2,13.6,0.5,13.3,9.6,12.200000000000003,-2.259999999999998,0,0
2024-08-06,23.7,14.0,0.4,10.8,9.7,12.100000000000003,-1.6833333333333336,0,0
2024-08-07,23.5,13.3,0.3,8.7,10.2,11.000000000000002,-1.740000000000002,0,0
2024-08-08,23.5,14.8,2.2,19.6,8.7,7.3000000000000025,-1.5199999999999996,0,0
2024-08-09,22.5,13.9,0.7,15.1,8.6,6.600000000000001,-2.376666666666665,0,0
2024-08-10,24.1,13.1,0.2,14.7,11.000000000000002,6.200000000000002,-0.6633333333333304,0,0
2024-08-11,19.5,12.6,6.4,22.1,6.9,10.700000000000003,-4.953333333333333,0,0
2024-08-12,19.0,11.3,0.2,25.2,7.699999999999999,10.400000000000002,-5.096666666666668,0,0
2024-08-13,19.0,11.1,0.8,19.3,7.9,10.800000000000002,-4.713333333333331,0,0
2024-08-14,21.5,11.9,0.1,24.4,9.6,10.600000000000001,-1.9499999999999993,0,0
2024-08-15,20.9,10.1,0.0,20.2,10.799999999999999,8.400000000000002,-2.2633333333333354,0,0
2024-08-16,23.1,10.0,0.0,19.8,13.100000000000001,7.700000000000002,0.15000000000000213,0,0
2024-08-17,24.6,13.1,2.2,20.1,11.500000000000002,9.700000000000003,1.7566666666666642,0,0
2024-08-18,26.1,17.1,0.4,17.1,9.0,3.700000000000002,3.1933333333333387,0,1
2024-08-19,27.4,16.2,0.0,10.8,11.2,3.5000000000000018,4.376666666666665,0,1
2024-08-20,24.1,14.8,9.2,17.8,9.3,11.900000000000002,1.0700000000000038,0,0
2024-08-21,23.0,12.4,0.0,12.8,10.6,11.800000000000002,-0.043333333333333,0,0
2024-08-22,24.8,13.4,0.0,19.8,11.4,11.800000000000002,1.6999999999999993,0,0
2024-08-23,23.0,12.3,26.6,19.6,10.7,38.400000000000006,-0.019999999999999574,0,0
2024-08-24,22.5,12.2,0.0,14.2,10.3,36.2,-0.4366666666666674,0,0
2024-08-25,26.6,13.1,0.0,10.2,13.500000000000002,35.800000000000004,3.576666666666668,0,1
2024-08-26,27.8,14.4,0.0,10.0,13.4,35.800000000000004,4.756666666666668,0,1
2024-08-27,28.0,17.6,0.0,9.7,10.399999999999999,26.600000000000005,4.890000000000001,0,1
2024-08-28,25.6,16.5,0.0,15.5,9.100000000000001,26.600000000000005,2.370000000000001,0,1
2024-08-29,25.0,14.5,0.0,10.8,10.5,26.600000000000005,1.6866666666666674,0,0
2024-08-30,24.5,13.1,0.0,11.5,11.4,0.0,1.0233333333333299,0,0
2024-08-31,26.4,13.2,0.0,11.9,13.2,0.0,2.726666666666663,0,1
2024-09-01,29.2,16.5,0.0,16.4,12.7,0.0,5.266666666666666,0,1
2024-09-02,26.7,14.1,0.0,16.4,12.6,0.0,2.633333333333333,0,1
2024-09-03,25.5,12.1,0.0,11.3,13.4,0.0,1.3566666666666691,0,1
2024-09-04,21.2,11.4,0.0,19.1,9.799999999999999,0.0,-2.8766666666666687,0,0
2024-09-05,20.4,9.4,0.0,16.6,10.999999999999998,0.0,-3.5666666666666664,0,0
2024-09-06,22.2,8.4,0.0,9.5,13.799999999999999,0.0,-1.7233333333333363,0,0
2024-09-07,23.6,11.1,0.0,8.4,12.500000000000002,0.0,-0.32666666666666444,0,0
2024-09-08,24.6,11.9,0.0,9.8,12.700000000000001,0.0,0.6033333333333353,0,0
2024-09-09,25.3,10.6,0.0,13.9,14.700000000000001,0.0,1.2633333333333319,0,1
2024-09-10,25.9,12.8,0.0,19.6,13.099999999999998,0.0,1.6499999999999986,0,1
2024-09-11,25.0,14.6,0.0,19.8,10.4,0.0,0.5500000000000007,0,0
2024-09-12,25.8,16.5,0.0,23.7,9.3,0.0,1.1233333333333348,0,1
2024-09-13,26.2,16.5,0.0,26.4,9.7,0.0,1.3666666666666671,0,1
2024-09-14,24.8,13.4,0.0,18.4,11.4,0.0,-0.16333333333333044,0,0
2024-09-15,25.8,12.9,0.0,15.9,12.9,0.0,0.7466666666666661,0,1
2024-09-16,24.4,9.9,0.0,14.8,14.499999999999998,0.0,-0.6466666666666683,0,0
2024-09-17,24.3,10.8,0.0,11.1,13.5,0.0,-0.6866666666666674,0,0
2024-09-18,23.2,9.9,0.0,10.2,13.299999999999999,0.0,-1.6466666666666683,0,0
2024-09-19,21.6,10.8,0.0,20.1,10.8,0.0,-3.163333333333334,0,0
2024-09-20,20.3,9.6,0.0,13.4,10.700000000000001,0.0,-4.373333333333335,0,0
2024-09-21,21.5,11.1,0.0,19.9,10.4,0.0,-3.0633333333333326,0,0
2024-09-22,13.9,5.4,0.0,14.4,8.5,0.0,-10.359999999999998,0,0
2024-09-23,15.0,4.4,0.0,8.6,10.6,0.0,-9.009999999999998,0,0
2024-09-24,18.9,4.3,0.0,16.6,14.599999999999998,0.0,-4.853333333333332,0,0
2024-09-25,22.4,9.1,0.0,20.7,13.299999999999999,0.0,-1.1733333333333356,0,0
2024-09-26,21.0,11.8,0.0,22.6,9.2,0.0,-2.34,0,0
2024-09-27,18.5,13.7,3.9,35.2,4.800000000000001,3.9000000000000035,-4.603333333333335,0,0
2024-09-28,23.0,13.6,6.0,32.2,9.4,9.900000000000004,-0.036666666666668846,0,0
2024-09-29,20.4,9.9,0.4,22.5,10.499999999999998,10.300000000000004,-2.5,0,0
2024-09-30,13.1,7.8,0.0,24.2,5.3,10.300000000000004,-9.356666666666667,0,0
2024-10-01,18.0,6.8,0.0,23.0,11.2,10.300000000000004,-4.083333333333332,0,0
2024-10-02,19.2,8.1,0.0,15.0,11.1,10.300000000000004,-2.633333333333333,0,0
2024-10-03,20.6,6.7,0.0,12.9,13.900000000000002,10.300000000000004,-1.0700000000000003,0,0
2024-10-04,13.5,8.9,9.8,17.5,4.6,16.200000000000003,-7.913333333333334,0,0
2024-10-05,12.7,7.6,0.4,12.2,5.1,10.600000000000005,-8.45666666666667,0,0
2024-10-06,11.6,5.1,18.3,20.4,6.5,28.500000000000007,-9.203333333333331,0,0
2024-10-07,19.0,9.6,4.2,18.0,9.4,32.7,-1.6499999999999986,0,0
2024-10-08,14.2,10.6,9.3,16.9,3.5999999999999996,42.0,-6.103333333333335,0,0
2024-10-09,10.2,5.8,0.2,15.4,4.3999999999999995,42.2,-9.600000000000001,0,0
2024-10-10,10.6,5.7,0.0,18.2,4.8999999999999995,42.2,-8.69,0,0
2024-10-11,15.1,6.5,0.0,22.2,8.6,32.400000000000006,-3.8599999999999977,0,0
2024-10-12,13.9,6.3,0.0,24.9,7.6000000000000005,32.0,-4.663333333333332,0,0
2024-10-13,7.4,3.2,0.0,25.1,4.2,13.700000000000003,-10.536666666666667,0,0
2024-10-14,4.8,0.3,14.6,26.6,4.5,24.1,-12.469999999999999,0,0
2024-10-15,8.0,1.0,1.7,15.8,7.0,16.500000000000004,-8.676666666666666,0,0
2024-10-16,6.7,0.6,1.7,21.3,6.1000000000000005,18.000000000000004,-9.386666666666667,0,0
2024-10-17,7.8,-2.0,0.0,12.8,9.8,18.000000000000004,-7.736666666666667,0,0
2024-10-18,7.7,-2.5,0.0,10.9,10.2,18.000000000000004,-7.319999999999999,0,0
2024-10-19,7.7,-2.5,0.0,11.1,10.2,18.000000000000004,-6.8566666666666665,0,0
2024-10-20,10.7,1.5,0.0,16.8,9.2,18.000000000000004,-3.536666666666669,0,0
2024-10-21,11.8,2.3,0.0,17.1,9.5,3.4000000000000035,-2.1133333333333315,0,0
2024-10-22,10.6,5.0,0.0,19.0,5.6,1.7000000000000035,-3.203333333333335,0,0
2024-10-23,11.2,6.8,2.8,29.1,4.3999999999999995,2.8000000000000034,-2.4766666666666683,0,0
2024-10-24,8.7,5.1,1.6,25.8,3.5999999999999996,4.400000000000004,-4.636666666666667,0,0
2024-10-25,6.6,-1.5,0.1,20.7,8.1,4.5000000000000036,-6.210000000000001,0,0
2024-10-26,7.8,-1.3,0.0,14.3,9.1,4.5000000000000036,-4.570000000000001,0,0
2024-10-27,8.3,2.2,0.7,11.6,6.1000000000000005,5.200000000000004,-3.7300000000000004,0,0
2024-10-28,8.9,1.8,2.8,15.7,7.1000000000000005,8.000000000000004,-2.66,0,0
2024-10-29,7.1,3.0,0.4,22.6,4.1,8.400000000000004,-4.0166666666666675,0,0
2024-10-30,8.9,-0.6,5.3,32.7,9.5,10.900000000000002,-2.076666666666666,0,0
2024-10-31,4.8,1.7,0.1,31.5,3.0999999999999996,9.400000000000004,-5.736666666666667,0,0
2024-11-01,10.1,1.5,13.7,37.8,8.6,23.000000000000004,-0.13333333333333286,0,0
2024-11-02,6.4,-2.7,5.2,31.3,9.100000000000001,28.200000000000003,-3.3599999999999994,0,0
2024-11-03,0.8,-1.5,1.5,27.9,2.3,29.000000000000004,-8.536666666666667,0,0
2024-11-04,0.2,-2.5,6.5,28.6,2.7,32.7,-8.72,0,0
2024-11-05,-0.8,-2.7,0.1,24.1,1.9000000000000001,32.400000000000006,-9.306666666666667,0,0
2024-11-06,3.6,-7.1,2.6,22.0,10.7,29.700000000000003,-4.393333333333333,0,0
2024-11-07,4.8,2.3,0.0,20.6,2.5,29.6,-2.880000000000001,0,0
2024-11-08,4.4,1.1,0.3,22.3,3.3000000000000003,16.200000000000003,-3.086666666666666,0,0
2024-11-09,6.7,1.0,0.0,24.7,5.7,11.000000000000005,-0.6566666666666663,0,0
2024-11-10,5.2,0.9,0.0,16.4,4.3,9.500000000000004,-1.826666666666667,0,0
2024-11-11,0.9,-1.5,0.0,11.0,2.4,3.0000000000000036,-5.6933333333333325,0,0
2024-11-12,0.8,-2.5,0.0,14.7,3.3,2.9000000000000035,-5.573333333333333,0,0
2024-11-13,1.6,-0.4,0.0,11.0,2.0,0.30000000000000354,-4.666666666666666,0,0
2024-11-14,0.5,-1.0,1.2,12.1,1.5,1.5000000000000036,-5.516666666666667,0,0
2024-11-15,0.8,-1.0,2.3,12.8,1.8,3.5000000000000036,-5.02,0,0
2024-11-16,5.2,0.3,0.5,17.7,4.9,4.0000000000000036,-0.5333333333333332,0,0
2024-11-17,5.8,3.5,0.9,17.5,2.3,4.900000000000004,0.1299999999999999,0,0
2024-11-18,4.1,2.6,0.7,19.0,1.4999999999999996,5.600000000000003,-1.4500000000000002,0,0
2024-11-19,3.0,-0.6,0.3,15.7,3.6,5.900000000000004,-2.293333333333334,0,0
2024-11-20,6.4,0.2,2.3,24.1,6.2,8.200000000000003,1.286666666666667,0,0
2024-11-21,8.6,1.6,15.3,36.3,7.0,22.300000000000004,3.553333333333333,0,0
2024-11-22,1.5,-0.9,0.1,22.0,2.4,20.100000000000005,-3.2233333333333327,0,0
2024-11-23,0.6,-0.6,15.6,19.2,1.2,35.2,-3.853333333333333,0,0
2024-11-24,-1.0,-5.3,0.0,14.8,4.3,34.300000000000004,-5.2,0,0
2024-11-25,-2.3,-4.3,0.0,12.1,2.0,33.6,-6.163333333333334,0,0
2024-11-26,-0.4,-6.9,0.0,13.0,6.5,33.300000000000004,-3.9733333333333327,0,0
2024-11-27,-1.1,-6.8,0.0,10.1,5.699999999999999,31.000000000000004,-4.34,0,0
2024-11-28,-0.9,-4.4,1.1,7.9,3.5000000000000004,16.800000000000004,-3.873333333333333,0,0
2024-11-29,1.1,-1.9,0.6,9.6,3.0,17.3,-1.6133333333333333,0,0
2024-11-30,0.5,-0.3,0.0,11.7,0.8,1.7000000000000037,-2.0700000000000003,0,0
2024-12-01,1.9,-0.5,0.1,13.8,2.4,1.8000000000000036,-0.3966666666666665,0,0
2024-12-02,0.4,-1.7,0.0,15.5,2.1,1.8000000000000036,-1.6966666666666668,0,0
2024-12-03,1.1,-0.6,0.0,12.9,1.7000000000000002,1.8000000000000036,-1.0066666666666668,0,0
2024-12-04,0.2,-4.1,0.8,13.6,4.3,2.6000000000000036,-1.9066666666666665,0,0
2024-12-05,-3.9,-6.7,0.0,11.8,2.8000000000000003,1.5000000000000036,-5.903333333333333,0,0
2024-12-06,-4.4,-6.3,0.2,15.8,1.8999999999999995,1.1000000000000036,-6.136666666666667,0,0
2024-12-07,-1.8,-4.7,10.0,15.8,2.9000000000000004,11.100000000000003,-3.3166666666666664,0,0
2024-12-08,-2.0,-3.8,6.5,13.7,1.7999999999999998,17.500000000000004,-3.3033333333333337,0,0
2024-12-09,-1.2,-2.8,0.6,8.5,1.5999999999999999,18.100000000000005,-2.24,0,0
2024-12-10,-2.5,-6.6,0.0,11.5,4.1,18.100000000000005,-3.283333333333333,0,0
2024-12-11,-0.9,-6.6,0.1,13.9,5.699999999999999,17.400000000000002,-1.6233333333333335,0,0
2024-12-12,-1.6,-5.8,0.9,17.5,4.199999999999999,18.300000000000004,-2.243333333333333,0,0
2024-12-13,-6.2,-11.5,0.0,21.6,5.3,18.100000000000005,-6.583333333333334,1,0
2024-12-14,-4.4,-11.4,4.2,16.5,7.0,12.300000000000004,-4.62,1,0
2024-12-15,-1.4,-6.2,2.4,17.3,4.800000000000001,8.200000000000003,-1.5466666666666664,0,0
2024-12-16,-0.1,-2.8,3.6,24.1,2.6999999999999997,11.200000000000003,-0.06999999999999997,0,0
2024-12-17,-0.6,-9.8,1.4,21.8,9.200000000000001,12.600000000000003,-0.35666666666666663,0,0
2024-12-18,-8.6,-12.4,0.2,20.2,3.8000000000000007,12.700000000000005,-7.933333333333333,1,0
2024-12-19,-1.2,-19.9,2.1,16.1,18.7,13.900000000000004,-0.3933333333333333,1,0
2024-12-20,2.5,-1.8,1.3,17.6,4.3,15.200000000000005,3.4366666666666665,0,0
2024-12-21,1.3,-5.2,0.9,17.4,6.5,11.900000000000002,2.4800000000000004,0,0
2024-12-22,-3.2,-6.1,0.0,12.2,2.8999999999999995,9.500000000000004,-1.8633333333333335,0,0
2024-12-23,-0.6,-4.2,0.4,10.5,3.6,6.300000000000004,0.7766666666666665,0,0
2024-12-24,0.2,-1.4,0.8,7.4,1.5999999999999999,5.700000000000004,1.5366666666666666,0,0
2024-12-25,-0.5,-1.8,1.5,10.6,1.3,7.000000000000004,0.7766666666666668,0,0
2024-12-26,0.4,-1.2,0.0,12.9,1.6,4.900000000000004,1.65,0,0
2024-12-27,1.1,-0.9,0.0,11.3,2.0,3.600000000000004,2.276666666666667,0,0
2024-12-28,-0.3,-1.4,0.0,7.0,1.0999999999999999,2.7000000000000037,0.8566666666666667,0,0
2024-12-29,0.1,-1.0,0.0,13.9,1.1,2.7000000000000037,1.2900000000000003,0,0
2024-12-30,1.8,-0.8,0.4,23.6,2.6,2.7000000000000037,2.946666666666667,0,0
2024-12-31,0.2,-2.4,6.1,16.8,2.6,8.000000000000004,1.4033333333333333,0,0
2025-01-01,1.9,-6.4,4.1,21.9,8.3,10.600000000000003,3.0533333333333332,0,0
2025-01-02,3.0,0.9,2.7,28.5,2.1,13.300000000000004,4.09,0,0
2025-01-03,1.1,-8.9,1.5,19.5,10.0,14.800000000000004,2.16,0,0
2025-01-04,-3.5,-8.4,1.1,12.4,4.9,15.900000000000004,-2.453333333333333,0,0
2025-01-05,-4.0,-7.1,0.5,16.2,3.0999999999999996,16.400000000000002,-2.966666666666667,0,0
2025-01-06,-4.8,-6.6,0.2,14.9,1.7999999999999998,16.200000000000006,-3.6666666666666665,0,0
2025-01-07,1.5,-4.9,5.5,15.2,6.4,15.600000000000003,2.5166666666666666,0,0
2025-01-08,3.2,-0.2,1.0,20.2,3.4000000000000004,12.500000000000004,4.07,0,0
2025-01-09,0.3,-3.2,0.1,12.1,3.5,9.900000000000004,1.0766666666666667,0,0
2025-01-10,2.9,-0.8,3.8,15.3,3.7,12.200000000000003,3.55,0,0
2025-01-11,3.7,-0.6,4.1,16.9,4.3,15.200000000000003,4.173333333333334,0,0
2025-01-12,-0.6,-3.0,0.0,12.0,2.4,14.700000000000003,-0.3133333333333333,0,0
2025-01-13,-1.5,-7.5,0.6,11.4,6.0,15.100000000000003,-1.31,0,0
2025-01-14,-0.5,-7.6,2.3,18.9,7.1,11.900000000000004,-0.33999999999999997,0,0
2025-01-15,1.5,-3.4,0.2,15.7,4.9,11.100000000000003,1.6066666666666667,0,0
2025-01-16,1.6,-3.7,3.4,18.2,5.300000000000001,14.400000000000004,1.6333333333333335,0,0
2025-01-17,2.8,0.9,0.1,20.1,1.9,10.700000000000003,2.453333333333333,0,0
2025-01-18,1.9,0.2,1.8,19.6,1.7,8.400000000000004,1.45,0,0
2025-01-19,0.4,-1.6,0.0,18.5,2.0,8.400000000000004,0.02000000000000013,0,0
2025-01-20,1.6,-2.8,0.0,18.0,4.4,7.800000000000004,1.2100000000000002,0,0
2025-01-21,-3.0,-7.5,0.0,11.7,4.5,5.5000000000000036,-3.3966666666666665,0,0
2025-01-22,-2.2,-7.3,1.1,18.2,5.1,6.400000000000004,-2.5433333333333334,0,0
2025-01-23,-2.2,-3.2,0.0,16.5,1.0,3.0000000000000036,-2.4633333333333334,0,0
2025-01-24,-1.2,-3.0,0.0,10.0,1.8,2.900000000000004,-1.44,0,0
2025-01-25,1.4,-2.1,0.0,14.2,3.5,1.1000000000000036,1.1266666666666667,0,0
2025-01-26,2.8,0.7,2.0,15.2,2.0999999999999996,3.1000000000000036,2.4699999999999998,0,0
2025-01-27,4.2,1.6,1.9,17.8,2.6,5.0000000000000036,3.72,0,0
2025-01-28,4.1,2.5,0.4,13.6,1.5999999999999996,5.400000000000004,3.4866666666666664,0,0
2025-01-29,3.8,2.5,0.2,13.0,1.2999999999999998,4.5000000000000036,3.12,0,0
2025-01-30,6.3,3.0,0.3,14.8,3.3,4.800000000000004,5.416666666666667,0,0
2025-01-31,5.1,0.6,0.3,13.6,4.5,5.100000000000004,4.109999999999999,0,0
2025-02-01,3.5,0.9,1.5,16.2,2.6,6.600000000000003,2.493333333333333,0,0
2025-02-02,1.0,-1.5,0.5,15.1,2.5,5.100000000000003,-0.0033333333333331883,0,0
2025-02-03,0.6,-2.5,0.0,11.2,3.1,3.2000000000000037,-0.5399999999999999,0,0
2025-02-04,0.4,-3.8,0.0,10.0,4.2,2.8000000000000034,-0.8866666666666664,0,0
2025-02-05,-0.2,-2.9,0.1,18.3,2.6999999999999997,2.7000000000000033,-1.64,0,0
2025-02-06,-1.0,-3.8,0.0,10.0,2.8,2.4000000000000035,-2.3566666666666665,0,0
2025-02-07,-3.5,-5.6,0.0,14.3,2.0999999999999996,2.100000000000003,-4.633333333333333,0,0
2025-02-08,-3.2,-5.6,0.0,7.9,2.3999999999999995,0.6000000000000035,-4.216666666666667,0,0
2025-02-09,-4.1,-5.3,0.0,5.0,1.2000000000000002,0.10000000000000356,-4.883333333333333,0,0
2025-02-10,-4.3,-6.2,0.0,6.8,1.9000000000000004,0.10000000000000356,-4.816666666666666,0,0
2025-02-11,-5.2,-7.4,0.0,6.5,2.2,0.10000000000000356,-5.5633333333333335,0,0
2025-02-12,-4.9,-8.1,0.0,10.6,3.1999999999999993,0.0,-5.15,0,0
2025-02-13,-5.9,-8.3,0.0,8.5,2.4000000000000004,0.0,-5.970000000000001,0,0
2025-02-14,-5.0,-10.4,0.5,8.2,5.4,0.5000000000000036,-4.8533333333333335,1,0
2025-02-15,-7.7,-10.8,0.1,12.8,3.1000000000000005,0.6000000000000035,-7.243333333333333,1,0
2025-02-16,-9.1,-13.2,0.5,13.2,4.1,1.1000000000000036,-8.246666666666666,1,0
2025-02-17,-9.9,-14.9,0.0,15.6,5.0,1.1000000000000036,-8.653333333333334,1,0
2025-02-18,-6.8,-15.1,1.0,8.7,8.3,2.1000000000000036,-5.313333333333333,1,0
2025-02-19,-4.8,-9.1,0.5,9.7,4.3,2.6000000000000036,-3.0999999999999996,0,0
2025-02-20,-6.7,-11.4,0.0,8.2,4.7,2.6000000000000036,-4.876666666666667,1,0
2025-02-21,-3.5,-11.7,0.0,10.5,8.2,2.1000000000000036,-1.6333333333333333,1,0
2025-02-22,-2.8,-11.6,0.0,9.0,8.8,2.0000000000000036,-0.9133333333333329,1,0
2025-02-23,-4.0,-13.4,0.0,7.4,9.4,1.5000000000000036,-2.0199999999999996,1,0
2025-02-24,-3.4,-13.9,0.0,9.8,10.5,1.5000000000000036,-1.2599999999999998,1,0
2025-02-25,-2.8,-14.4,0.0,5.6,11.600000000000001,0.5000000000000036,-0.47333333333333316,1,0
2025-02-26,-1.2,-10.1,0.0,6.5,8.9,0.0,1.3066666666666669,0,0
2025-02-27,0.6,-11.0,0.0,6.4,11.6,0.0,3.2233333333333336,1,0
2025-02-28,2.5,-11.6,0.0,9.3,14.1,0.0,5.166666666666666,1,0
2025-03-01,3.0,-5.2,0.0,10.1,8.2,0.0,5.776666666666666,0,0
2025-03-02,0.9,-2.8,0.8,8.1,3.6999999999999997,0.8000000000000036,3.8166666666666664,0,0
2025-03-03,1.1,-1.6,1.9,12.5,2.7,2.7000000000000037,4.096666666666667,0,0
2025-03-04,2.8,0.2,4.8,20.3,2.5999999999999996,7.5000000000000036,5.736666666666666,0,0
2025-03-05,3.2,-0.3,3.0,22.6,3.5,10.500000000000004,6.050000000000001,0,0
2025-03-06,8.4,3.0,1.4,21.7,5.4,11.900000000000004,10.983333333333334,0,0
2025-03-07,9.0,0.2,0.0,25.1,8.8,11.900000000000004,11.276666666666667,0,0
2025-03-08,9.6,-0.9,0.0,14.2,10.5,11.900000000000004,11.523333333333333,0,0
2025-03-09,11.0,1.7,0.0,13.7,9.3,11.100000000000003,12.44,0,0
2025-03-10,9.1,0.1,0.0,12.6,9.0,9.200000000000005,10.129999999999999,0,0
2025-03-11,11.7,3.4,0.2,16.7,8.299999999999999,4.600000000000003,12.203333333333333,0,0
2025-03-12,12.3,4.5,4.3,13.5,7.800000000000001,5.900000000000003,12.25,0,0
2025-03-13,11.8,3.7,2.5,19.8,8.100000000000001,7.0000000000000036,11.183333333333334,0,0
2025-03-14,14.1,1.5,3.6,31.9,12.6,10.600000000000003,12.85,0,0
2025-03-15,1.5,-1.6,0.0,11.4,3.1,10.600000000000003,0.0033333333333331883,0,0
2025-03-16,4.2,-4.3,0.0,13.5,8.5,10.600000000000003,2.3966666666666665,0,0
2025-03-17,-0.9,-7.4,2.0,16.6,6.5,12.600000000000003,-2.9299999999999997,0,0
2025-03-18,1.2,-7.7,0.0,8.0,8.9,12.400000000000002,-1.1733333333333336,0,0
2025-03-19,3.2,-4.6,0.9,21.6,7.8,9.000000000000004,0.3899999999999997,0,0
2025-03-20,7.6,-1.2,0.0,15.8,8.799999999999999,6.5000000000000036,4.31,0,0
2025-03-21,8.8,1.0,0.0,14.3,7.800000000000001,2.9000000000000035,5.0566666666666675,0,0
2025-03-22,3.8,-2.2,0.0,14.9,6.0,2.9000000000000035,-0.293333333333333,0,0
2025-03-23,4.8,-3.7,0.0,9.1,8.5,2.9000000000000035,0.4299999999999997,0,0
2025-03-24,10.1,-1.6,0.0,17.3,11.7,0.9000000000000036,5.3,0,0
2025-03-25,4.8,0.7,5.3,17.6,4.1,6.200000000000004,-0.293333333333333,0,0
2025-03-26,5.1,0.6,0.1,8.0,4.5,5.400000000000003,-0.2766666666666664,0,0
2025-03-27,7.8,2.0,1.4,12.0,5.8,6.800000000000003,2.0699999999999994,0,0
2025-03-28,10.9,3.0,0.1,7.2,7.9,6.900000000000003,4.766666666666667,0,0
2025-03-29,12.4,1.4,0.0,8.2,11.0,6.900000000000003,5.873333333333333,0,0
2025-03-30,11.9,1.9,0.0,11.1,10.0,6.900000000000003,5.0600000000000005,0,0
2025-03-31,13.9,4.2,0.0,14.3,9.7,6.900000000000003,6.696666666666667,0,0
2025-04-01,12.6,6.9,8.7,19.9,5.699999999999999,10.300000000000002,5.006666666666667,0,0
2025-04-02,12.3,4.9,1.5,18.2,7.4,11.700000000000003,4.333333333333334,0,0
2025-04-03,13.0,4.4,0.0,12.4,8.6,10.300000000000002,4.693333333333333,0,0
2025-04-04,15.4,3.1,0.0,22.4,12.3,10.200000000000003,6.686666666666667,0,0
2025-04-05,5.8,-1.0,2.5,19.1,6.8,12.700000000000003,-2.826666666666667,0,0
2025-04-06,-1.7,-3.0,14.6,22.4,1.3,27.300000000000004,-9.969999999999999,0,0
2025-04-07,1.2,-4.1,11.2,20.4,5.3,38.5,-6.789999999999999,0,0
2025-04-08,-0.3,-4.2,6.0,13.8,3.9000000000000004,35.800000000000004,-7.913333333333333,0,0
2025-04-09,-0.4,-4.2,3.0,19.2,3.8000000000000003,37.300000000000004,-7.696666666666667,0,0
2025-04-10,1.3,-4.9,0.8,13.7,6.2,38.1,-5.65,0,0
2025-04-11,2.5,-5.6,0.2,14.8,8.1,38.300000000000004,-4.123333333333334,0,0
2025-04-12,2.7,-1.4,2.4,15.3,4.1,38.2,-3.619999999999999,0,0
2025-04-13,8.2,-1.6,1.0,11.7,9.799999999999999,24.6,2.076666666666666,0,0
2025-04-14,11.6,0.2,0.0,13.6,11.4,13.400000000000004,5.14,0,0
2025-04-15,17.0,5.4,0.0,18.0,11.6,7.400000000000004,10.113333333333333,0,0
2025-04-16,19.8,7.2,0.0,9.9,12.600000000000001,4.400000000000004,12.223333333333334,0,0
2025-04-17,17.5,7.8,0.1,14.8,9.7,3.7000000000000037,9.38,0,0
2025-04-18,22.4,10.7,0.1,12.1,11.7,3.6000000000000036,13.639999999999999,0,0
2025-04-19,23.9,12.8,0.9,14.8,11.099999999999998,2.1000000000000036,14.596666666666666,0,0
2025-04-20,23.6,12.1,0.0,14.4,11.500000000000002,1.1000000000000036,13.803333333333336,0,0
2025-04-21,24.6,10.9,0.0,17.5,13.700000000000001,1.1000000000000036,14.11,0,0
2025-04-22,23.5,11.4,0.5,12.6,12.1,1.6000000000000036,12.386666666666665,0,0
2025-04-23,25.0,10.8,0.2,15.0,14.2,1.8000000000000036,13.389999999999999,0,0
2025-04-24,19.9,10.8,0.0,12.8,9.099999999999998,1.7000000000000035,7.786666666666665,0,0
2025-04-25,17.5,4.9,3.6,18.1,12.6,5.200000000000004,4.973333333333333,0,0
2025-04-26,7.7,1.4,0.0,21.3,6.300000000000001,4.300000000000003,-4.823333333333333,0,0
2025-04-27,5.2,-0.3,0.2,19.6,5.5,4.5000000000000036,-7.133333333333334,0,0
2025-04-28,10.6,-1.4,0.0,18.8,12.0,4.5000000000000036,-1.6733333333333338,0,0
2025-04-29,11.1,4.9,1.7,23.2,6.199999999999999,5.700000000000003,-1.1466666666666683,0,0
2025-04-30,10.9,5.4,1.1,17.2,5.5,6.600000000000003,-1.2466666666666661,0,0
2025-05-01,9.1,1.5,21.4,19.6,7.6,28.0,-2.9300000000000015,0,0
2025-05-02,7.4,0.8,6.5,24.7,6.6000000000000005,30.9,-4.466666666666667,0,0
2025-05-03,13.8,1.3,0.5,20.8,12.5,31.4,1.9066666666666663,0,0
2025-05-04,17.4,6.7,2.4,19.4,10.7,33.6,5.439999999999998,0,0
2025-05-05,13.5,3.2,1.0,22.9,10.3,34.6,1.2833333333333332,0,0
2025-05-06,11.4,2.0,0.1,18.1,9.4,33.0,-1.2533333333333339,0,0
2025-05-07,13.4,3.6,0.2,10.4,9.8,32.1,0.33999999999999986,0,0
2025-05-08,9.3,4.3,0.2,14.3,5.000000000000001,10.900000000000004,-4.08,0,0
2025-05-09,9.1,2.3,0.0,17.2,6.8,4.400000000000004,-4.596666666666666,0,0
2025-05-10,10.1,2.4,0.0,16.5,7.699999999999999,3.9000000000000035,-3.8900000000000006,0,0
2025-05-11,8.8,2.2,1.4,17.8,6.6000000000000005,2.9000000000000035,-5.399999999999999,0,0
2025-05-12,8.7,1.7,3.2,15.7,6.999999999999999,5.100000000000003,-5.700000000000001,0,0
2025-05-13,8.6,2.8,5.3,9.7,5.8,10.300000000000004,-5.813333333333334,0,0
2025-05-14,12.4,4.0,1.0,11.1,8.4,11.100000000000003,-2.039999999999999,0,0
2025-05-15,17.0,4.3,0.0,15.2,12.7,10.900000000000004,2.5600000000000005,0,0
2025-05-16,21.2,9.2,0.0,16.3,12.0,10.900000000000004,6.713333333333333,0,0
2025-05-17,20.1,11.1,0.0,19.2,9.000000000000002,10.900000000000004,5.526666666666669,0,0
2025-05-18,21.8,11.1,2.5,22.8,10.700000000000001,12.000000000000004,7.246666666666666,0,0
2025-05-19,16.4,10.6,1.1,16.8,5.799999999999999,9.900000000000004,2.096666666666664,0,0
2025-05-20,17.4,9.4,8.1,14.7,7.999999999999998,12.700000000000003,3.303333333333333,0,0
2025-05-21,18.6,10.0,1.2,15.0,8.600000000000001,12.900000000000002,4.703333333333335,0,0
2025-05-22,22.4,9.6,0.0,12.4,12.799999999999999,12.900000000000002,8.540000000000001,0,0
2025-05-23,25.0,12.4,0.3,17.7,12.6,13.200000000000003,11.140000000000002,0,0
2025-05-24,26.9,14.5,0.0,14.5,12.399999999999999,13.200000000000003,12.806666666666665,0,1
2025-05-25,27.9,15.4,0.0,17.7,12.499999999999998,10.700000000000003,13.459999999999999,0,1
2025-05-26,27.8,16.0,0.0,23.5,11.8,9.600000000000003,12.69,0,1
2025-05-27,25.9,18.0,0.0,18.1,7.899999999999999,1.5000000000000036,10.099999999999998,0,1
2025-05-28,26.9,14.8,0.0,19.1,12.099999999999998,0.30000000000000354,10.556666666666665,0,1
2025-05-29,29.1,15.9,0.1,22.2,13.200000000000001,0.4000000000000036,12.15666666666667,0,1
2025-05-30,25.1,18.5,1.4,19.3,6.600000000000001,1.5000000000000036,7.683333333333334,0,1
2025-05-31,24.8,16.5,5.2,11.1,8.3,6.700000000000004,6.860000000000003,0,0
2025-06-01,21.2,13.2,0.3,20.6,8.0,7.0000000000000036,2.8000000000000007,0,0
2025-06-02,22.3,10.4,0.0,12.3,11.9,7.0000000000000036,3.616666666666667,0,0
2025-06-03,22.6,13.9,0.4,15.5,8.700000000000001,7.400000000000004,3.743333333333336,0,0
2025-06-04,22.0,15.1,0.1,17.7,6.9,7.5000000000000036,2.860000000000003,0,0
2025-06-05,24.9,13.2,0.0,13.5,11.7,7.400000000000004,5.310000000000002,0,0
2025-06-06,26.1,15.4,3.7,18.1,10.700000000000001,9.700000000000003,6.08666666666667,0,1
2025-06-07,26.9,17.6,1.5,16.8,9.299999999999997,6.0000000000000036,6.299999999999997,0,1
2025-06-08,27.4,16.7,4.2,17.8,10.7,9.900000000000004,6.189999999999998,0,1
2025-06-09,26.6,15.6,3.1,19.7,11.000000000000002,13.000000000000004,4.840000000000003,0,1
2025-06-10,20.3,12.8,0.0,15.4,7.5,12.600000000000003,-1.8433333333333337,0,0
2025-06-11,19.4,10.4,0.0,7.9,8.999999999999998,12.500000000000004,-3.1000000000000014,0,0
2025-06-12,20.9,12.4,0.6,12.4,8.499999999999998,13.100000000000003,-2.0100000000000016,0,0
2025-06-13,19.5,12.6,11.0,17.5,6.9,20.400000000000002,-3.6466666666666647,0,0
2025-06-14,17.3,12.1,10.7,17.3,5.200000000000001,29.6,-5.856666666666669,0,0
2025-06-15,18.1,12.6,5.0,20.3,5.500000000000002,30.400000000000002,-4.95333333333333,0,0
2025-06-16,23.0,13.1,0.2,12.2,9.9,27.5,-0.14999999999999858,0,0
2025-06-17,21.6,14.9,4.8,7.3,6.700000000000001,32.3,-1.5433333333333294,0,0
2025-06-18,19.5,14.6,3.2,9.7,4.9,35.5,-3.746666666666666,0,0
2025-06-19,17.8,12.4,9.9,20.9,5.4,44.8,-5.460000000000001,0,0
2025-06-20,16.5,11.1,6.5,17.2,5.4,40.3,-6.690000000000001,0,0
2025-06-21,16.5,11.1,0.1,17.8,5.4,29.700000000000006,-6.493333333333336,0,0
2025-06-22,15.6,9.6,2.6,15.0,6.0,27.300000000000004,-7.08,0,0
2025-06-23,19.0,10.9,0.0,11.0,8.1,27.100000000000005,-3.416666666666668,0,0
2025-06-24,20.1,10.8,1.7,21.2,9.3,24.000000000000004,-2.0566666666666613,0,0
2025-06-25,19.0,12.4,2.0,19.6,6.6,22.800000000000004,-2.8633333333333333,0,0
2025-06-26,19.2,11.7,5.5,18.9,7.5,18.400000000000006,-2.4400000000000013,0,0
2025-06-27,18.6,11.0,0.4,20.1,7.600000000000001,12.300000000000004,-2.7633333333333354,0,0
2025-06-28,21.0,10.2,0.0,8.2,10.8,12.200000000000005,-0.09333333333333727,0,0
2025-06-29,21.2,11.7,8.8,20.1,9.5,18.400000000000006,0.23666666666666814,0,0
2025-06-30,14.7,10.9,11.6,24.2,3.799999999999999,30.000000000000007,-5.926666666666669,0,0
2025-07-01,15.1,11.1,7.6,24.1,4.0,35.900000000000006,-5.323333333333336,0,0
2025-07-02,19.5,11.9,1.2,19.0,7.6,35.10000000000001,-0.8300000000000018,0,0
2025-07-03,25.0,14.8,0.0,16.3,10.2,29.600000000000005,4.589999999999996,0,0
2025-07-04,25.0,15.6,1.6,15.9,9.4,30.800000000000004,4.489999999999998,0,0
2025-07-05,20.2,12.9,0.0,16.9,7.299999999999999,30.800000000000004,-0.15333333333333599,0,0
2025-07-06,21.5,11.4,0.2,15.7,10.1,22.200000000000003,1.3000000000000007,0,0
2025-07-07,26.0,15.4,0.3,14.5,10.6,10.900000000000004,5.829999999999998,0,1
2025-07-08,31.2,17.7,0.0,18.4,13.5,3.3000000000000034,10.903333333333332,0,1
2025-07-09,32.5,20.5,2.1,16.3,12.0,4.200000000000004,12.006666666666664,0,1
2025-07-10,32.7,21.8,0.0,18.3,10.900000000000002,4.200000000000004,11.79333333333334,0,1
2025-07-11,34.8,21.0,0.0,18.0,13.799999999999997,2.600000000000004,13.379999999999995,0,1
2025-07-12,32.2,22.9,0.2,13.9,9.300000000000004,2.8000000000000043,10.403333333333336,0,1
2025-07-13,30.4,20.4,5.3,13.5,10.0,7.900000000000004,8.239999999999995,0,1
2025-07-14,27.1,19.5,0.8,10.8,7.600000000000001,8.400000000000004,4.613333333333337,0,1
2025-07-15,25.8,18.6,11.8,11.7,7.199999999999999,20.200000000000003,3.056666666666665,0,1
2025-07-16,25.3,17.8,22.2,8.7,7.5,40.300000000000004,2.4800000000000004,0,1
2025-07-17,24.7,17.1,5.3,9.2,7.599999999999998,45.6,1.7766666666666637,0,0
2025-07-18,25.7,16.8,0.0,13.8,8.899999999999999,45.6,2.5700000000000003,0,1
2025-07-19,25.3,16.2,2.9,19.6,9.100000000000001,48.30000000000001,1.9200000000000017,0,1
2025-07-20,25.8,18.3,1.2,17.4,7.5,44.2,2.110000000000003,0,1
2025-07-21,21.0,17.3,26.9,9.2,3.6999999999999993,70.30000000000001,-2.8399999999999963,0,0
2025-07-22,22.0,16.6,8.4,11.1,5.399999999999999,66.9,-2.0533333333333346,0,0
2025-07-23,23.7,16.8,1.5,10.6,6.899999999999999,46.2,-0.5100000000000016,0,0
2025-07-24,24.1,17.7,2.2,10.5,6.400000000000002,43.10000000000001,-0.24333333333333584,0,0
2025-07-25,27.0,17.4,0.0,10.7,9.600000000000001,43.10000000000001,2.389999999999997,0,1
2025-07-26,24.8,15.4,0.0,9.3,9.4,40.2,0.0033333333333338544,0,0
2025-07-27,26.1,15.2,0.0,7.4,10.900000000000002,39.00000000000001,1.0533333333333346,0,1
2025-07-28,27.8,18.0,0.2,6.7,9.8,12.300000000000008,2.526666666666671,0,1
2025-07-29,28.6,18.7,0.0,9.7,9.900000000000002,3.9000000000000075,3.080000000000002,0,1
2025-07-30,29.0,19.1,0.5,11.3,9.899999999999999,2.9000000000000075,3.003333333333334,0,1
2025-07-31,28.1,19.9,0.5,13.9,8.200000000000003,1.200000000000007,1.6700000000000017,0,1
2025-08-01,25.2,18.5,16.5,16.7,6.699999999999999,17.700000000000006,-1.4199999999999982,0,1
2025-08-02,23.6,17.8,0.2,11.4,5.800000000000001,17.900000000000006,-2.973333333333329,0,0
2025-08-03,25.6,15.9,0.0,9.2,9.700000000000001,17.900000000000006,-0.9933333333333287,0,1
2025-08-04,21.9,18.4,23.4,11.6,3.5,41.10000000000001,-4.75,0,0
2025-08-05,23.5,18.2,7.2,17.5,5.300000000000001,48.300000000000004,-3.216666666666665,0,0
2025-08-06,24.5,17.1,0.0,11.6,7.399999999999999,47.800000000000004,-2.166666666666668,0,0
2025-08-07,19.8,14.2,5.4,12.6,5.600000000000001,52.7,-6.486666666666668,0,0
2025-08-08,21.1,12.6,0.1,11.8,8.500000000000002,36.300000000000004,-4.806666666666661,0,0
2025-08-09,18.6,13.6,10.8,10.1,5.000000000000002,46.900000000000006,-6.836666666666666,0,0
2025-08-10,21.4,12.8,0.2,10.9,8.599999999999998,47.1,-3.59,0,0
2025-08-11,19.5,13.8,2.8,9.2,5.699999999999999,26.500000000000007,-5.066666666666666,0,0
2025-08-12,19.9,13.9,2.7,15.7,5.999999999999998,22.00000000000001,-4.316666666666666,0,0
2025-08-13,20.6,12.9,0.4,15.4,7.700000000000001,22.40000000000001,-3.3999999999999986,0,0
2025-08-14,17.9,11.6,0.4,14.8,6.299999999999999,17.40000000000001,-5.83666666666667,0,0
2025-08-15,22.8,14.5,0.0,15.0,8.3,17.30000000000001,-0.8533333333333317,0,0
2025-08-16,23.4,12.6,0.0,14.7,10.799999999999999,6.500000000000007,-0.21000000000000085,0,0
2025-08-17,20.2,12.1,8.2,12.6,8.1,14.500000000000007,-3.22666666666667,0,0
2025-08-18,17.1,10.9,3.7,13.2,6.200000000000001,15.400000000000006,-6.053333333333331,0,0
2025-08-19,19.5,13.8,0.7,18.5,5.699999999999999,13.400000000000007,-3.443333333333335,0,0
2025-08-20,21.5,12.8,9.9,19.4,8.7,22.900000000000006,-1.4600000000000009,0,0
2025-08-21,15.6,11.6,8.1,8.5,4.0,30.60000000000001,-7.1466666666666665,0,0
2025-08-22,17.4,8.9,0.0,13.0,8.499999999999998,30.60000000000001,-5.13666666666667,0,0
2025-08-23,17.1,10.9,0.0,11.1,6.200000000000001,30.60000000000001,-5.20333333333333,0,0
2025-08-24,17.9,10.3,0.1,12.5,7.599999999999998,22.500000000000007,-4.100000000000001,0,0
2025-08-25,15.2,8.9,1.9,17.7,6.299999999999999,20.700000000000006,-6.48,0,0
2025-08-26,15.1,9.2,1.2,16.6,5.9,21.200000000000006,-6.213333333333333,0,0
2025-08-27,15.8,8.6,0.3,12.6,7.200000000000001,11.600000000000007,-5.113333333333333,0,0
2025-08-28,18.0,9.1,0.1,18.9,8.9,3.600000000000007,-2.5599999999999987,0,0
2025-08-29,21.0,11.4,3.2,13.6,9.6,6.800000000000008,0.706666666666667,0,0
2025-08-30,27.1,16.5,0.0,15.0,10.600000000000001,6.800000000000008,6.840000000000003,0,1
2025-08-31,27.8,15.1,0.0,11.7,12.700000000000001,6.700000000000008,7.45333333333333,0,1
2025-09-01,22.0,15.1,0.0,15.8,6.9,4.800000000000008,1.7066666666666634,0,0
2025-09-02,17.4,13.9,0.0,17.0,3.4999999999999982,3.600000000000007,-2.620000000000001,0,0
2025-09-03,18.9,11.9,0.0,13.5,6.999999999999998,3.3000000000000074,-1.0200000000000031,0,0
2025-09-04,18.2,11.8,0.0,9.7,6.399999999999999,3.2000000000000073,-1.5433333333333366,0,0
2025-09-05,19.5,11.1,0.0,7.9,8.4,0.0,-0.07666666666666799,0,0
2025-09-06,20.9,11.2,0.0,9.2,9.7,0.0,1.2866666666666653,0,0
2025-09-07,22.1,12.4,0.0,9.6,9.700000000000001,0.0,2.453333333333333,0,0
2025-09-08,21.7,12.1,0.0,9.8,9.6,0.0,1.9499999999999993,0,0
2025-09-09,22.8,12.4,0.0,11.1,10.4,0.0,3.0033333333333303,0,0
2025-09-10,19.3,10.1,0.0,7.9,9.200000000000001,0.0,-0.490000000000002,0,0
2025-09-11,20.5,8.3,0.0,8.3,12.2,0.0,0.6900000000000013,0,0
2025-09-12,17.1,10.1,0.0,12.5,7.000000000000002,0.0,-2.5933333333333337,0,0
2025-09-13,17.3,6.9,0.0,9.8,10.4,0.0,-2.3733333333333313,0,0
2025-09-14,18.2,7.6,0.0,7.9,10.6,0.0,-1.3200000000000003,0,0
2025-09-15,21.4,7.8,0.0,11.7,13.599999999999998,0.0,1.9466666666666654,0,0
2025-09-16,21.5,11.0,0.0,14.4,10.5,0.0,2.003333333333334,0,0
2025-09-17,20.6,11.2,0.0,13.8,9.400000000000002,0.0,0.9866666666666681,0,0
2025-09-18,18.9,9.1,1.6,13.2,9.799999999999999,1.6000000000000072,-0.6933333333333316,0,0
2025-09-19,15.2,10.2,1.1,14.9,5.0,2.7000000000000073,-4.183333333333334,0,0
2025-09-20,15.8,10.7,0.3,17.4,5.100000000000001,3.000000000000007,-3.59,0,0
2025-09-21,21.1,12.7,0.0,15.6,8.400000000000002,3.000000000000007,1.5866666666666696,0,0
2025-09-22,25.4,14.9,0.0,18.2,10.499999999999998,3.000000000000007,5.609999999999996,0,1
2025-09-23,17.5,10.2,1.7,12.3,7.300000000000001,4.700000000000007,-2.2766666666666637,0,0
2025-09-24,11.1,5.8,0.0,17.4,5.3,4.700000000000007,-8.540000000000001,0,0
2025-09-25,10.6,5.8,0.3,16.7,4.8,3.400000000000007,-8.890000000000002,0,0
2025-09-26,13.8,3.5,0.0,16.0,10.3,2.300000000000007,-5.623333333333335,0,0
2025-09-27,11.2,6.3,5.3,13.9,4.8999999999999995,7.300000000000007,-7.99666666666667,0,0
2025-09-28,9.1,5.6,0.7,19.0,3.5,8.000000000000007,-9.700000000000001,0,0
2025-09-29,8.8,3.6,0.0,18.7,5.200000000000001,8.000000000000007,-9.39,0,0
2025-09-30,9.1,0.8,0.0,8.1,8.299999999999999,6.300000000000007,-8.466666666666667,0,0
2025-10-01,11.2,0.8,0.0,9.2,10.399999999999999,6.300000000000007,-6.006666666666668,0,0
2025-10-02,12.1,2.6,1.8,8.8,9.5,7.800000000000007,-4.929999999999998,0,0
2025-10-03,11.9,4.9,0.2,9.4,7.0,8.000000000000007,-4.8966666666666665,0,0
2025-10-04,14.1,4.1,0.0,16.2,10.0,2.7000000000000073,-2.5600000000000005,0,0
2025-10-05,13.1,6.8,2.5,15.0,6.3,4.500000000000007,-3.3466666666666693,0,0
2025-10-06,12.8,9.4,3.3,7.9,3.4000000000000004,7.800000000000007,-3.376666666666665,0,0
2025-10-07,12.8,8.6,1.0,5.6,4.200000000000001,8.800000000000008,-3.0666666666666664,0,0
2025-10-08,13.4,8.9,0.0,6.3,4.5,8.800000000000008,-2.1900000000000013,0,0
2025-10-09,14.1,8.3,0.0,12.4,5.799999999999999,7.000000000000007,-1.200000000000001,0,0
2025-10-10,11.2,8.1,2.6,13.7,3.0999999999999996,9.400000000000007,-3.83,0,0
2025-10-11,12.6,7.7,0.8,13.1,4.8999999999999995,10.200000000000006,-2.166666666666668,0,0
2025-10-12,9.3,4.8,3.7,16.2,4.500000000000001,11.400000000000007,-5.206666666666665,0,0
2025-10-13,4.5,1.6,22.9,14.1,2.9,31.000000000000007,-9.58,0,0
2025-10-14,5.7,3.2,3.2,14.4,2.5,33.20000000000001,-7.963333333333332,0,0
2025-10-15,4.3,-0.4,5.4,15.9,4.7,38.60000000000001,-8.793333333333333,0,0
2025-10-16,6.6,1.5,0.5,14.8,5.1,39.10000000000001,-5.996666666666666,0,0
2025-10-17,9.6,6.2,1.6,19.4,3.3999999999999995,38.10000000000001,-2.629999999999999,0,0
2025-10-18,6.6,4.8,1.2,10.1,1.7999999999999998,38.50000000000001,-5.220000000000001,0,0
2025-10-19,7.4,4.6,0.7,12.3,2.8000000000000007,35.50000000000001,-4.16,0,0
2025-10-20,8.2,4.3,0.9,13.0,3.8999999999999995,13.500000000000007,-3.1066666666666674,0,0
2025-10-21,5.0,3.3,2.1,13.6,1.7000000000000002,12.40000000000001,-5.77,0,0
2025-10-22,6.8,3.8,0.0,7.5,3.0,7.000000000000007,-3.3500000000000005,0,0
2025-10-23,6.5,2.8,0.1,12.0,3.7,6.600000000000007,-3.283333333333333,0,0
2025-10-24,9.9,5.2,1.6,14.6,4.7,6.600000000000008,0.15666666666666806,0,0
2025-10-25,11.9,7.5,2.8,18.5,4.4,8.200000000000006,2.1133333333333333,0,0
2025-10-26,8.1,3.8,2.3,19.3,4.3,9.800000000000008,-1.4966666666666661,0,0
2025-10-27,8.9,3.3,5.6,18.8,5.6000000000000005,14.500000000000007,-0.620000000000001,0,0
2025-10-28,7.4,3.7,5.9,14.0,3.7,18.300000000000008,-2.0633333333333326,0,0
2025-10-29,7.1,4.1,2.5,12.9,3.0,20.800000000000008,-2.3066666666666666,0,0
2025-10-30,8.1,3.5,0.0,11.7,4.6,20.700000000000006,-1.2733333333333334,0,0
2025-10-31,6.2,4.3,10.7,19.1,1.9000000000000004,29.800000000000008,-3.0066666666666686,0,0
2025-11-01,6.2,3.9,0.0,10.2,2.3000000000000003,27.000000000000007,-2.8099999999999996,0,0
2025-11-02,7.2,3.5,0.2,11.8,3.7,24.900000000000006,-1.6533333333333333,0,0
2025-11-03,9.1,3.7,1.3,15.7,5.3999999999999995,20.60000000000001,0.4133333333333322,0,0
2025-11-04,9.1,6.9,4.4,17.5,2.1999999999999993,19.10000000000001,0.5466666666666651,0,0
2025-11-05,8.6,3.5,0.0,13.9,5.1,16.60000000000001,0.18666666666666565,0,0
2025-11-06,7.9,5.2,4.4,15.7,2.7,21.000000000000007,-0.34999999999999964,0,0
2025-11-07,10.1,6.8,2.0,12.9,3.3,12.300000000000008,1.959999999999999,0,0
2025-11-08,10.6,7.7,0.1,16.6,2.8999999999999995,12.400000000000007,2.576666666666666,0,0
2025-11-09,7.3,3.4,0.0,13.0,3.9,12.200000000000008,-0.5933333333333328,0,0
2025-11-10,3.5,2.3,0.0,9.7,1.2000000000000002,10.900000000000007,-4.09,0,0
2025-11-11,5.6,1.9,0.0,8.9,3.6999999999999997,6.500000000000007,-1.8666666666666671,0,0
2025-11-12,4.0,2.2,1.3,14.3,1.7999999999999998,7.800000000000008,-3.45,0,0
2025-11-13,6.4,3.5,0.0,17.7,2.9000000000000004,3.4000000000000075,-1.0733333333333324,0,0
2025-11-14,6.7,4.1,3.6,25.1,2.6000000000000005,5.000000000000007,-0.8533333333333326,0,0
2025-11-15,1.3,-4.9,10.2,15.1,6.2,15.100000000000007,-6.076666666666666,0,0
2025-11-16,-1.9,-5.4,0.0,15.0,3.5000000000000004,15.100000000000007,-8.893333333333334,0,0
2025-11-17,3.7,-5.3,3.4,18.8,9.0,18.500000000000007,-3.1966666666666663,0,0
2025-11-18,9.4,-0.2,9.3,21.3,9.6,27.800000000000008,2.4366666666666665,0,0
2025-11-19,0.8,-1.5,0.1,16.6,2.3,26.60000000000001,-5.916666666666667,0,0
2025-11-20,0.9,-2.1,0.0,15.8,3.0,26.60000000000001,-5.68,0,0
2025-11-21,1.2,-1.6,1.0,13.3,2.8,24.000000000000007,-5.193333333333333,0,0
2025-11-22,1.8,0.1,4.1,8.0,1.7,17.900000000000006,-4.4366666666666665,0,0
2025-11-23,1.1,-1.8,1.6,19.2,2.9000000000000004,19.500000000000007,-4.843333333333332,0,0
2025-11-24,4.9,-1.0,7.7,20.4,5.9,23.80000000000001,-0.8099999999999987,0,0
2025-11-25,0.9,-0.6,0.4,15.2,1.5,14.900000000000007,-4.569999999999999,0,0
2025-11-26,2.2,0.3,5.0,8.9,1.9000000000000001,19.800000000000008,-3.046666666666666,0,0
2025-11-27,5.4,2.2,7.2,14.0,3.2,27.000000000000007,0.21999999999999975,0,0
2025-11-28,5.5,0.4,2.8,12.5,5.1,28.800000000000008,0.37333333333333396,0,0
2025-11-29,0.9,-0.3,0.1,12.0,1.2,24.80000000000001,-3.986666666666667,0,0
2025-11-30,3.0,0.3,0.1,9.3,2.7,23.300000000000008,-1.7800000000000002,0,0
2025-12-01,1.5,-0.6,0.0,11.9,2.1,15.600000000000007,-3.123333333333333,0,0
2025-12-02,0.9,-0.1,0.0,7.0,1.0,15.200000000000006,-3.513333333333333,0,0
2025-12-03,1.6,0.2,0.0,8.6,1.4000000000000001,10.200000000000006,-2.563333333333333,0,0
2025-12-04,2.9,0.6,0.0,9.6,2.3,3.000000000000007,-1.0566666666666666,0,0
2025-12-05,2.8,1.0,0.2,9.2,1.7999999999999998,0.4000000000000071,-0.9633333333333338,0,0
2025-12-06,3.5,1.2,0.0,10.3,2.3,0.30000000000000715,-0.1166666666666667,0,0
2025-12-07,1.4,0.1,0.0,10.1,1.2999999999999998,0.20000000000000712,-1.9266666666666672,0,0
2025-12-08,0.7,-0.6,0.0,14.9,1.2999999999999998,0.20000000000000712,-2.296666666666667,0,0
2025-12-09,-0.1,-1.4,1.1,19.4,1.2999999999999998,1.3000000000000071,-2.85,0,0
2025-12-10,0.6,-1.8,1.5,11.9,2.4,2.800000000000007,-2.0533333333333332,0,0
2025-12-11,3.1,0.6,4.3,19.7,2.5,7.100000000000007,0.5299999999999998,0,0
2025-12-12,4.0,-4.6,5.0,20.9,8.6,11.900000000000006,1.4299999999999997,0,0
2025-12-13,-4.3,-5.8,0.8,23.8,1.5,12.700000000000006,-6.513333333333334,0,0
2025-12-14,-5.6,-9.8,0.2,16.6,4.200000000000001,12.900000000000007,-7.403333333333333,0,0
2025-12-15,-5.2,-9.9,0.1,7.3,4.7,13.000000000000007,-6.786666666666667,0,0
2025-12-16,1.5,-6.1,2.0,14.8,7.6,13.900000000000007,-0.20000000000000018,0,0
2025-12-17,1.8,-0.2,0.0,14.0,2.0,12.400000000000007,0.16333333333333333,0,0
2025-12-18,1.1,-0.3,0.0,17.1,1.4000000000000001,8.100000000000009,-0.26,0,0
2025-12-19,0.9,-1.3,0.1,11.4,2.2,3.2000000000000073,-0.46333333333333326,0,0
2025-12-20,-0.4,-1.4,0.0,14.4,0.9999999999999999,2.4000000000000075,-1.7200000000000002,0,0
2025-12-21,0.4,-0.7,1.3,13.4,1.1,3.500000000000007,-0.8933333333333332,0,0
2025-12-22,0.9,-6.8,1.1,18.8,7.7,4.500000000000007,-0.3633333333333334,0,0
2025-12-23,-8.3,-16.8,0.0,17.5,8.5,2.500000000000007,-9.25,1,0
2025-12-24,-4.2,-18.1,1.1,16.0,13.900000000000002,3.6000000000000076,-4.846666666666667,1,0
2025-12-25,0.2,-4.4,6.4,20.7,4.6000000000000005,10.000000000000007,-0.4233333333333333,0,0
2025-12-26,0.9,-0.3,5.3,21.9,1.2,15.200000000000008,0.32000000000000006,0,0
2025-12-27,-0.4,-3.3,0.9,19.0,2.9,16.10000000000001,-0.7866666666666666,0,0
2025-12-28,-2.2,-3.9,2.7,12.3,1.6999999999999997,17.500000000000007,-2.33,0,0
2025-12-29,-3.5,-5.7,2.4,8.1,2.2,18.800000000000004,-3.4833333333333334,0,0
2025-12-30,-4.3,-5.9,5.4,13.5,1.6000000000000005,24.200000000000006,-4.04,0,0
2025-12-31,-5.5,-8.9,2.4,11.6,3.4000000000000004,25.500000000000007,-5.006666666666667,0,0
2026-01-01,-9.0,-13.1,0.0,10.8,4.1,19.100000000000005,-8.176666666666666,1,0
2026-01-02,-7.3,-13.2,2.7,21.7,5.8999999999999995,16.500000000000007,-6.18,1,0
2026-01-03,-2.5,-7.8,1.6,9.8,5.3,17.200000000000006,-1.2,0,0
2026-01-04,-2.0,-7.1,1.4,18.4,5.1,15.900000000000007,-0.54,0,0
2026-01-05,-4.2,-6.1,0.0,13.9,1.8999999999999995,13.500000000000007,-2.4833333333333334,0,0
2026-01-06,-5.8,-8.9,1.4,16.3,3.1000000000000005,9.500000000000007,-3.843333333333333,0,0
2026-01-07,-4.9,-6.9,3.9,16.7,2.0,11.000000000000007,-2.7566666666666673,0,0
2026-01-08,-5.8,-9.7,8.3,22.7,3.8999999999999995,19.300000000000008,-3.4666666666666663,0,0
2026-01-09,-1.4,-10.7,17.3,24.5,9.299999999999999,33.900000000000006,1.0,1,0
2026-01-10,-1.5,-7.8,0.3,12.2,6.3,32.60000000000001,1.0533333333333332,0,0
2026-01-11,-3.4,-9.8,3.3,15.7,6.4,34.50000000000001,-0.6000000000000001,0,0
2026-01-12,-3.5,-6.8,4.2,15.0,3.3,38.70000000000001,-0.7266666666666666,0,0
2026-01-13,-7.1,-11.4,0.1,6.0,4.300000000000001,37.40000000000001,-4.276666666666666,1,0
2026-01-14,-5.2,-9.6,3.6,6.8,4.3999999999999995,37.10000000000001,-2.376666666666667,0,0
2026-01-15,-8.4,-12.2,0.0,5.7,3.799999999999999,28.800000000000008,-5.246666666666667,1,0
2026-01-16,-9.6,-12.8,0.0,5.9,3.200000000000001,11.500000000000007,-6.066666666666666,1,0
2026-01-17,-12.2,-17.1,0.0,9.3,4.900000000000002,11.200000000000006,-8.223333333333333,1,0
2026-01-18,-8.9,-15.8,0.0,18.4,6.9,7.9000000000000075,-4.596666666666668,1,0
2026-01-19,-5.9,-8.9,0.6,10.2,3.0,4.300000000000007,-1.413333333333334,0,0
2026-01-20,-5.1,-6.6,0.4,9.3,1.5,4.600000000000008,-0.4299999999999997,0,0
2026-01-21,-6.2,-7.6,2.4,8.0,1.3999999999999995,3.400000000000007,-1.293333333333334,0,0
2026-01-22,-7.1,-10.2,0.0,11.4,3.0999999999999996,3.400000000000007,-2.2333333333333334,0,0
2026-01-23,-10.6,-19.0,0.0,10.0,8.4,3.400000000000007,-5.52,1,0
2026-01-24,-16.5,-20.9,0.0,4.0,4.399999999999999,3.400000000000007,-10.863333333333333,1,0
2026-01-25,-16.9,-21.4,0.0,7.2,4.5,3.400000000000007,-10.669999999999998,1,0
2026-01-26,-9.8,-21.6,0.4,21.8,11.8,3.200000000000007,-3.2566666666666677,1,0
2026-01-27,-7.6,-9.1,15.5,20.9,1.5,18.300000000000008,-0.8766666666666669,0,0
2026-01-28,-9.0,-12.5,7.4,9.0,3.5,23.300000000000008,-2.0933333333333337,1,0
2026-01-29,-10.6,-12.9,6.6,15.9,2.3000000000000007,29.900000000000006,-3.4833333333333334,1,0
2026-01-30,-13.4,-20.4,0.0,14.8,6.999999999999998,29.900000000000006,-6.020000000000001,1,0
2026-01-31,-17.0,-21.0,0.1,18.9,4.0,30.000000000000007,-9.353333333333335,1,0
2026-02-01,-19.6,-21.9,2.2,20.5,2.299999999999997,32.20000000000001,-11.543333333333335,1,0
2026-02-02,-17.9,-22.0,0.5,11.7,4.100000000000001,32.30000000000001,-9.329999999999998,1,0
2026-02-03,-17.2,-24.3,0.0,11.1,7.100000000000001,16.800000000000008,-8.123333333333333,1,0
2026-02-04,-12.9,-21.0,0.0,11.9,8.1,9.400000000000007,-3.533333333333333,1,0
2026-02-05,-12.4,-20.2,0.0,10.7,7.799999999999999,2.8000000000000074,-2.8133333333333326,1,0
2026-02-06,-11.6,-18.4,0.5,12.0,6.799999999999999,3.3000000000000074,-1.790000000000001,1,0
2026-02-07,-10.2,-14.6,0.0,11.6,4.4,3.2000000000000073,-0.24333333333333051,1,0
2026-02-08,-10.4,-13.4,0.2,18.0,3.0,1.200000000000007,-0.14333333333333442,1,0
2026-02-09,-10.1,-11.8,0.0,15.6,1.700000000000001,0.7000000000000071,0.44333333333333336,1,0
2026-02-10,-8.7,-15.4,0.0,13.1,6.700000000000001,0.7000000000000071,2.0200000000000014,1,0
2026-02-11,-5.6,-15.8,1.2,16.3,10.200000000000001,1.900000000000007,5.1899999999999995,1,0
2026-02-12,-2.0,-6.7,4.3,15.9,4.7,6.200000000000006,8.62,0,0
2026-02-13,1.6,-2.2,3.2,14.8,3.8000000000000003,8.900000000000007,11.993333333333334,0,0
2026-02-14,1.2,-1.0,3.0,15.2,2.2,11.900000000000007,11.273333333333333,0,0
2026-02-15,-3.2,-14.7,0.2,14.4,11.5,11.900000000000007,6.660000000000001,1,0
2026-02-16,-11.8,-14.2,7.1,26.3,2.3999999999999986,19.000000000000007,-1.9533333333333331,1,0
2026-02-17,-11.7,-20.1,0.0,17.6,8.400000000000002,19.000000000000007,-1.7599999999999998,1,0
2026-02-18,-10.4,-20.6,0.1,14.4,10.200000000000001,17.90000000000001,-0.3100000000000005,1,0
2026-02-19,-5.4,-10.1,19.0,23.4,4.699999999999999,32.60000000000001,4.699999999999999,0,0
2026-02-20,-6.3,-9.9,1.6,20.2,3.6000000000000005,31.00000000000001,3.803333333333332,0,0
2026-02-21,-2.8,-9.1,0.6,19.4,6.3,28.60000000000001,7.160000000000001,0,0
2026-02-22,-1.0,-6.3,1.9,27.6,5.3,30.30000000000001,8.639999999999999,0,0
2026-02-23,-1.8,-8.6,0.0,15.2,6.8,23.20000000000001,7.3500000000000005,0,0
2026-02-24,-4.9,-8.1,8.4,14.2,3.1999999999999993,31.60000000000001,3.8499999999999996,0,0
2026-02-25,-4.2,-7.1,2.2,9.8,2.8999999999999995,33.70000000000001,4.363333333333334,0,0
2026-02-26,-5.1,-7.9,0.0,10.2,2.8000000000000007,14.700000000000006,3.380000000000001,0,0
2026-02-27,-1.3,-5.8,0.4,18.8,4.5,13.500000000000007,6.923333333333335,0,0
2026-02-28,1.9,-2.0,0.7,16.7,3.9,13.600000000000009,9.706666666666667,0,0
2026-03-01,2.3,0.5,0.0,10.5,1.7999999999999998,11.700000000000008,9.583333333333332,0,0
2026-03-02,2.5,0.1,9.5,16.2,2.4,21.20000000000001,9.133333333333333,0,0
2026-03-03,0.6,-1.9,0.2,15.9,2.5,13.000000000000007,6.559999999999999,0,0
2026-03-04,1.2,-3.3,3.7,16.2,4.5,14.500000000000009,6.523333333333333,0,0
2026-03-05,1.3,-3.5,0.7,10.9,4.8,15.200000000000006,6.006666666666666,0,0
2026-03-06,-0.9,-8.9,0.1,9.2,8.0,14.90000000000001,3.4066666666666667,0,0
2026-03-07,1.6,-4.2,0.0,19.4,5.800000000000001,14.200000000000008,5.44,0,0
2026-03-08,2.0,-6.6,2.1,15.0,8.6,16.300000000000008,5.386666666666667,0,0
2026-03-09,2.7,-7.3,0.5,15.1,10.0,7.300000000000008,5.656666666666666,0,0
2026-03-10,6.1,1.4,0.0,15.7,4.699999999999999,7.100000000000007,8.506666666666666,0,0
2026-03-11,6.8,-0.7,0.4,15.3,7.5,3.800000000000007,8.643333333333333,0,0
2026-03-12,7.9,1.3,0.4,13.1,6.6000000000000005,3.500000000000007,9.190000000000001,0,0
2026-03-13,8.0,1.5,0.0,12.4,6.5,3.4000000000000075,8.836666666666666,0,0
2026-03-14,6.8,-0.4,0.0,13.0,7.2,3.4000000000000075,7.343333333333333,0,0
2026-03-15,6.2,-3.1,0.0,10.4,9.3,1.3000000000000071,6.59,0,0
2026-03-16,5.5,-4.0,0.0,9.2,9.5,0.8000000000000071,5.746666666666667,0,0
2026-03-17,6.1,-5.0,0.0,9.7,11.1,0.8000000000000071,6.036666666666666,0,0
2026-03-18,6.6,-1.6,0.0,8.7,8.2,0.4000000000000071,5.923333333333333,0,0
2026-03-19,5.9,-4.6,0.0,10.4,10.5,0.0,4.636666666666667,0,0
2026-03-20,5.1,-3.5,0.0,11.4,8.6,0.0,3.3199999999999994,0,0
2026-03-21,4.6,-1.8,0.0,9.9,6.3999999999999995,0.0,2.486666666666667,0,0
2026-03-22,7.3,-2.6,0.0,8.8,9.9,0.0,4.733333333333334,0,0
2026-03-23,7.7,-2.2,0.0,12.1,9.9,0.0,4.783333333333333,0,0
2026-03-24,7.7,-2.0,0.0,11.6,9.7,0.0,4.493333333333334,0,0
2026-03-25,8.6,-0.8,0.0,11.3,9.4,0.0,5.046666666666667,0,0
2026-03-26,6.8,-1.5,0.0,9.4,8.3,0.0,2.8566666666666665,0,0
